alignment_id,member_id,recovery_id,record_id,article_headword,surface_form,printed_page,same_major_left,same_minor_left,previous_major_clause,left_window,right_window,ai_reviewed,ai_local_label,human_reviewed
RHD-AMEKE-LCTX-0001,RHD-AMEKE-00104,RHD-RREC-000111,RHD-S1809-00001,Abgehen,Simiameke,301,Abgehend,Abgehend,"Abgehen, Nehé simi","Abgehen, Nehé simi. Abgehend","Simiameke. Es gehet ab, Róco. Taitéki, taitéke",False,,False
RHD-AMEKE-LCTX-0002,RHD-AMEKE-00124,RHD-RREC-000083,RHD-S1809-00003,Abhauen,Tepulirúgameke,301,,,"Abgehauen, Sikirúgameke","Abhauen, Siká, tepurá, tepulá. Abgehauen, Sikirúgameke",Tepulirúgameke,False,,False
RHD-AMEKE-LCTX-0003,RHD-AMEKE-00075,RHD-RREC-000034,RHD-S1809-00011,Abwaſchen,Pagorúgameke,301,Abgewaſchen,Abgewaſchen,"Abwaſchen, Pagota","Abwaſchen, Pagota. Abgewaſchen",Pagorúgameke,False,,False
RHD-AMEKE-LCTX-0004,RHD-AMEKE-00033,RHD-RREC-000227,RHD-S1809-00007,Abſchicken,Hulirúgameke,301,Abgeſchickt,Abgeſchickt,"Abſchicken, Hulá","Abſchicken, Hulá. Abgeſchickt",Hulirúgameke,False,,False
RHD-AMEKE-LCTX-0005,RHD-AMEKE-00044,RHD-RREC-000244,RHD-S1809-00073,Allwiſſend,Jumámatsigameke,301,,,Allwiſſend,Allwiſſend,Jumámatsigameke,False,,False
RHD-AMEKE-LCTX-0006,RHD-AMEKE-00071,RHD-RREC-000211,RHD-S1809-00133,Arzney,Oguéameke,304,,,Arzney,Arzney,Oguéameke,False,,False
RHD-AMEKE-LCTX-0007,RHD-AMEKE-00021,RHD-RREC-000110,RHD-S1809-00178,Bärtig,Etſchaguéameke,307,,,Bärtig,Bärtig,"Etſchaguéameke. Weil den Tarahumaren kein Bart wächſt, ſo werden bey ihnen die Europäer unter dieſem",False,,False
RHD-AMEKE-LCTX-0008,RHD-AMEKE-00083,RHD-RREC-000017,RHD-S1809-00194,Bedecken,Polirúgameke,308,Bedeckt,Bedeckt,Poliruc,Bedecken. Polé. Es iſt bedeckt. Poliruc. Bedeckt,Polirúgameke,False,,False
RHD-AMEKE-LCTX-0009,RHD-AMEKE-00131,RHD-RREC-000228,RHD-S1809-00211,Bejahen,Tſaníjameke,308,,,Bejahend,Bejahen. Tſaní. Bejahend,Tſaníjameke,False,,False
RHD-AMEKE-LCTX-0010,RHD-AMEKE-00088,RHD-RREC-000230,RHD-S1809-00225,Benennt,Reguámeke,308,,,"Benennt, was einen Namen hat","Benennt, was einen Namen hat",Reguámeke,False,,False
RHD-AMEKE-LCTX-0011,RHD-AMEKE-00054,RHD-RREC-000048,RHD-S1809-00261,Bewußt,Matſchigameke,309,,,Bewußt,Bewußt,Matſchigameke,False,,False
RHD-AMEKE-LCTX-0012,RHD-AMEKE-00029,RHD-RREC-000313,RHD-S1809-00275,Blech,Guenomi tſchipérameke,309,,,Blech,Blech,"Guenomi tſchipérameke, das heißt, ein dünnes Metall",False,,False
RHD-AMEKE-LCTX-0013,RHD-AMEKE-00114,RHD-RREC-000317,RHD-S1809-00277,Blind,Támatiſchigameke,309,,,Blind,Blind,"Támatiſchigameke, nicht ſehend",False,,False
RHD-AMEKE-LCTX-0014,RHD-AMEKE-00089,RHD-RREC-000004,RHD-S1809-00278,Blitzen,Repágameke,309,,,"Blitzen, das","Blitzen, das",Repágameke. Es blitzt. Repá,False,,False
RHD-AMEKE-LCTX-0015,RHD-AMEKE-00089,RHD-RREC-000004,RHD-S1809-00278,Blitzen,repágameke,309,,,"Blitzen, das","Blitzen, das",Repágameke. Es blitzt. Repá,False,,False
RHD-AMEKE-LCTX-0016,RHD-AMEKE-00083,RHD-RREC-000017,RHD-S1809-00321,Decken,Polirúgameke,312,Gedeckt,Gedeckt,Pole,Decken. Pole. Gedeckt,Polirúgameke,False,,False
RHD-AMEKE-LCTX-0017,RHD-AMEKE-00095,RHD-RREC-000157,RHD-S1809-00361,Dürr,Sakiameke,313,,,Dürr,Dürr,Sakiameke,False,,False
RHD-AMEKE-LCTX-0018,RHD-AMEKE-00060,RHD-RREC-000089,RHD-S1809-00375,Ehemann,Mukíameke,313,,,Upíameke,Ehemann. Cuná. Cunála. Upíameke,Mukíameke,False,,False
RHD-AMEKE-LCTX-0019,RHD-AMEKE-00059,RHD-RREC-000274,RHD-S1809-00378,Eheweib,Muki cunéameke,313,,,Eheweib,Eheweib,Muki cunéameke. Upi. Upila,False,,False
RHD-AMEKE-LCTX-0020,RHD-AMEKE-00035,RHD-RREC-000286,RHD-S1809-00389,Eingebohrner,Ibe motſchiameke,313,Ibe jaſſameke,Ibe jaſſameke,Eingebohrner,Eingebohrner. Ibe jaſſameke,Ibe motſchiameke,False,,False
RHD-AMEKE-LCTX-0021,RHD-AMEKE-00054,RHD-RREC-000048,RHD-S1809-00429,Erfahren,Matſchigameke,315,,,"Erfahren, das Beywort","Erfahren, das Beywort",Matſchigameke,False,,False
RHD-AMEKE-LCTX-0022,RHD-AMEKE-00132,RHD-RREC-000099,RHD-S1809-00431,Ergreifen,tſchapirúgameke,315,Ergriffen,Ergriffen,Tſchapirúc,Ergreifen. Tſchepi. Es iſt ergriffen. Tſchapirúc. Ergriffen,tſchapirúgameke,False,,False
RHD-AMEKE-LCTX-0023,RHD-AMEKE-00048,RHD-RREC-000181,RHD-S1809-00438,Ermüden,Leſiameke,315,Ermüdet,Ermüdet,Leſi,Ermüden. Leſi. Ermüdet,Leſiameke,False,,False
RHD-AMEKE-LCTX-0024,RHD-AMEKE-00069,RHD-RREC-000172,RHD-S1809-00443,Erſchaffer,Netéjameke,315,,,Erſchaffer,Erſchaffer,Netéjameke,False,,False
RHD-AMEKE-LCTX-0025,RHD-AMEKE-00066,RHD-RREC-000134,RHD-S1809-00473,Faul,Naſsiameke,316,,,Faul,Faul,Naſsiameke,False,,False
RHD-AMEKE-LCTX-0026,RHD-AMEKE-00081,RHD-RREC-000006,RHD-S1809-00490,Feſt,Peguámeké,316,,,Iguéameke,Feſt. Iguéameke,Peguámeké. Feſtmachen. Iguéruje,False,,False
RHD-AMEKE-LCTX-0027,RHD-AMEKE-00097,RHD-RREC-000116,RHD-S1809-00512,Fleiſchig,Sapéameke,318,,,Fleiſchig,Fleiſchig,Sapéameke,False,,False
RHD-AMEKE-LCTX-0028,RHD-AMEKE-00126,RHD-RREC-000043,RHD-S1809-00543,Froſtig,Thúlameke,319,,,Froſtig,Froſtig,Thúlameke,False,,False
RHD-AMEKE-LCTX-0029,RHD-AMEKE-00052,RHD-RREC-000152,RHD-S1809-00550,Furchtſam,Mahajámeke,319,,,Furchtſam,Furchtſam,Mahajámeke,False,,False
RHD-AMEKE-LCTX-0030,RHD-AMEKE-00027,RHD-RREC-000221,RHD-S1809-00573,Gebraten,Guauguérúgameke,320,,,Gebraten,Gebraten,Guauguérúgameke,False,,False
RHD-AMEKE-LCTX-0031,RHD-AMEKE-00054,RHD-RREC-000048,RHD-S1809-00590,Gelehrt,Matſchigameke,320,,,Gelehrt,Gelehrt,Matſchigameke,False,,False
RHD-AMEKE-LCTX-0032,RHD-AMEKE-00024,RHD-RREC-000265,RHD-S1809-00600,Geſegnet,Galatſaneliameke,320,,,Geſegnet,Geſegnet,Galatſaneliameke,False,,False
RHD-AMEKE-LCTX-0033,RHD-AMEKE-00037,RHD-RREC-000250,RHD-S1809-00607,Getauft,Ipagatúgameke,321,,,Sie pflegen auch zu ſagen,Getauft. Pagorúgameke. Sie pflegen auch zu ſagen,Ipagatúgameke,False,,False
RHD-AMEKE-LCTX-0034,RHD-AMEKE-00075,RHD-RREC-000034,RHD-S1809-00607,Getauft,Pagorúgameke,321,,,Getauft,Getauft,Pagorúgameke. Sie pflegen auch zu ſagen: Ipagatúgameke,False,,False
RHD-AMEKE-LCTX-0035,RHD-AMEKE-00089,RHD-RREC-000004,RHD-S1809-00623,Glänzend,Repágameke,322,,,Glänzend,Glänzend,Repágameke,False,,False
RHD-AMEKE-LCTX-0036,RHD-AMEKE-00089,RHD-RREC-000004,RHD-S1809-00623,Glänzend,repágameke,322,,,Glänzend,Glänzend,Repágameke,False,,False
RHD-AMEKE-LCTX-0037,RHD-AMEKE-00081,RHD-RREC-000006,RHD-S1809-00662,Hart,Peguämeke,323,Hart,Hart,,Hart,"Peguämeke. Es iſt hart, Pegua. Das iſt ſehr hart: iché igue peguämeke uccu. Von pegua haben die Tepe",False,,False
RHD-AMEKE-LCTX-0038,RHD-AMEKE-00111,RHD-RREC-000033,RHD-S1809-00669,Heide,Tà pagotúgameke,323,Heide,Heide,,Heide,Tà pagotúgameke. d. i. ungetauft,False,,False
RHD-AMEKE-LCTX-0039,RHD-AMEKE-00070,RHD-RREC-000223,RHD-S1809-00673,Heilend,Ogájameke,324,,,"Heilend, heilsam, Ogudé","Heilend, heilsam, Ogudé",Ogájameke,False,,False
RHD-AMEKE-LCTX-0040,RHD-AMEKE-00008,RHD-RREC-000035,RHD-S1809-00674,Heiß,Baſſujameke,324,Heiß,Heiß,,Heiß,"Baſſujameke, oder igué rachtágameke. Es iſt heiß, Racha",False,,False
RHD-AMEKE-LCTX-0041,RHD-AMEKE-00019,RHD-RREC-000084,RHD-S1809-00736,Hölzern,Cusigameke,325,Hölzern,Hölzern,,Hölzern,Cusigameke,False,,False
RHD-AMEKE-LCTX-0042,RHD-AMEKE-00072,RHD-RREC-000276,RHD-S1809-00741,Hülfsmittel,Oguésameke,325,"Hülfsmittel, Arzeney",Arzeney,,"Hülfsmittel, Arzeney",Oguésameke,False,,False
RHD-AMEKE-LCTX-0043,RHD-AMEKE-00126,RHD-RREC-000043,RHD-S1809-00770,Kalt,Thulämeke,326,Kalt,Kalt,,Kalt,"Thulämeke. Es iſt kalt, Thulagua. Mir iſt kalt, Thuläne",False,,False
RHD-AMEKE-LCTX-0044,RHD-AMEKE-00054,RHD-RREC-000048,RHD-S1809-00799,Klug,Matſchigameke,326,Klug,Klug,,Klug,Matſchigameke,False,,False
RHD-AMEKE-LCTX-0045,RHD-AMEKE-00023,RHD-RREC-000266,RHD-S1809-00805,Kochen,gabaſſirúgameke,326,Ausgekocht,Ausgekocht,"Dieſe Zuſammenſetzung geſchieht, wenn zu dem, was geſchehen iſt, eine wirkende Beyhülfe von nöthen war","leidenden- dieſes der wirkenden Bedeutung. Dieſe Zuſammenſetzung geſchieht, wenn zu dem, was geſchehen iſt, eine wirkende Beyhülfe von nöthen war. Ausgekocht",gabaſſirúgameke,False,,False
RHD-AMEKE-LCTX-0046,RHD-AMEKE-00013,RHD-RREC-000016,RHD-S1809-00826,Krank,Cocojameke,327,Krank,Krank,,Krank,Cocojameke. Najujameke,False,,False
RHD-AMEKE-LCTX-0047,RHD-AMEKE-00138,RHD-RREC-000105,RHD-S1809-00833,Kriechen,tſchucúameke,327,Kriechend,Kriechend,"Kriechen, Tſchucúcu","Kriechen, Tſchucúcu. Kriechend",tſchucúameke,False,,False
RHD-AMEKE-LCTX-0048,RHD-AMEKE-00137,RHD-RREC-000029,RHD-S1809-00840,Kugelförmig,Tſchitulámeke,328,,,cavorámeke,"Kugelförmig, Cavolámeke, od. cavorámeke",Tſchitulámeke,False,,False
RHD-AMEKE-LCTX-0049,RHD-AMEKE-00055,RHD-RREC-000262,RHD-S1809-00866,Lehrling,Matſchirujegámeke,329,Lehrling,Lehrling,,Lehrling,Matſchirujegámeke,False,,False
RHD-AMEKE-LCTX-0050,RHD-AMEKE-00089,RHD-RREC-000004,RHD-S1809-00879,Leuchten,Repágameke,330,Leuchtend,Leuchtend,Rachelé,"Leuchten, Raché. Rachelé. Leuchtend",repágameke,False,,False
RHD-AMEKE-LCTX-0051,RHD-AMEKE-00089,RHD-RREC-000004,RHD-S1809-00879,Leuchten,repágameke,330,Leuchtend,Leuchtend,Rachelé,"Leuchten, Raché. Rachelé. Leuchtend",repágameke,False,,False
RHD-AMEKE-LCTX-0052,RHD-AMEKE-00089,RHD-RREC-000004,RHD-S1809-00880,Leuchtend,Repágameke,330,Leuchtend,Leuchtend,,Leuchtend,repágameke,False,,False
RHD-AMEKE-LCTX-0053,RHD-AMEKE-00089,RHD-RREC-000004,RHD-S1809-00880,Leuchtend,repágameke,330,Leuchtend,Leuchtend,,Leuchtend,repágameke,False,,False
RHD-AMEKE-LCTX-0054,RHD-AMEKE-00041,RHD-RREC-000028,RHD-S1809-00895,Machen,Jolárugameke,330,Gemacht,Gemacht,"Machen, Jolá","Machen, Jolá. Gemacht","Jolárugameke. Machen, der etwas macht, jolágemeke. Es iſt ſchon gemacht, Jolárupa",False,,False
RHD-AMEKE-LCTX-0055,RHD-AMEKE-00112,RHD-RREC-000258,RHD-S1809-00902,Mager,Tá ſapéameke,331,,,Mager,Mager,"Tá ſapéameke, d. i. nicht fleiſchig",False,,False
RHD-AMEKE-LCTX-0056,RHD-AMEKE-00090,RHD-RREC-000295,RHD-S1809-00985,Oberer,Repágatigameke,334,Oberer,Oberer,,Oberer,"Repágatigameke, durch dieſes Wort wird auch Gott bedeutet, ſ. Gott",False,,False
RHD-AMEKE-LCTX-0057,RHD-AMEKE-00050,RHD-RREC-000002,RHD-S1809-01021,Raſen,Loguiameke,336,Raſend,Raſend,"Raſen, Logui","Raſen, Logui. Raſend",Loguiameke,False,,False
RHD-AMEKE-LCTX-0058,RHD-AMEKE-00127,RHD-RREC-000206,RHD-S1809-01047,Roth,Tleſtatäcameke,338,,,Roth,Roth,"Tleſtatäcameke, oder ſtacameke. Es iſt roth. Tleſtána",False,,False
RHD-AMEKE-LCTX-0059,RHD-AMEKE-00057,RHD-RREC-000023,RHD-S1809-01045,Roſt,Mujájameke,338,,,"Mujála, iſt ein Hauptwort, aber nicht im Gebrauche, ſondern man ſagt Roſtig","Roſt. Mujála, iſt ein Hauptwort, aber nicht im Gebrauche, ſondern man ſagt Roſtig",Mujájameke,False,,False
RHD-AMEKE-LCTX-0060,RHD-AMEKE-00057,RHD-RREC-000023,RHD-S1809-01046,Roſtig,Mujájameke,338,,,Roſtig,Roſtig,Mujájameke,False,,False
RHD-AMEKE-LCTX-0061,RHD-AMEKE-00137,RHD-RREC-000029,RHD-S1809-01055,Rund,tſchitúlameke,338,"Cavólameke, cavórameke, wie ein Kreis",wie ein Kreis,"Rund, wie eine Kugel","Rund, wie eine Kugel. Cavólameke, cavórameke, wie ein Kreis",tſchitúlameke,False,,False
RHD-AMEKE-LCTX-0062,RHD-AMEKE-00141,RHD-RREC-000186,RHD-S1809-01066,Salben,Tſchutſcheliameke,338,Geſalbt,Geſalbt,Tſchutſchá,Salben. Tſchutſchá. Geſalbt,Tſchutſcheliameke,False,,False
RHD-AMEKE-LCTX-0063,RHD-AMEKE-00093,RHD-RREC-000191,RHD-S1809-01074,Sandig,Saaéameke,338,Sandig,Sandig,,Sandig,Saaéameke,False,,False
RHD-AMEKE-LCTX-0064,RHD-AMEKE-00105,RHD-RREC-000175,RHD-S1809-01076,Satan,Sriameke,338,,,Satan,Satan,Sriameke,False,,False
RHD-AMEKE-LCTX-0065,RHD-AMEKE-00077,RHD-RREC-000031,RHD-S1809-01080,Saufer,Pahíameke,338,Saufer,Saufer,,Saufer,Pahíameke,False,,False
RHD-AMEKE-LCTX-0066,RHD-AMEKE-00085,RHD-RREC-000115,RHD-S1809-01086,Schafhirt,Pouguá naſſéameke,338,,,Schafhirt,Schafhirt,Pouguá naſſéameke,False,,False
RHD-AMEKE-LCTX-0067,RHD-AMEKE-00140,RHD-RREC-000108,RHD-S1809-01092,Scharf,Tſchutárugameke,338,,,Scharf,Scharf,Tſchutárugameke,False,,False
RHD-AMEKE-LCTX-0068,RHD-AMEKE-00026,RHD-RREC-000254,RHD-S1809-01103,Scherben,Gaſſirúgameke,338,,,Caſſiníki,"Scherben, zerbrochenes Geſchirr. Caſſiníki",Gaſſirúgameke,False,,False
RHD-AMEKE-LCTX-0069,RHD-AMEKE-00125,RHD-RREC-000240,RHD-S1809-01157,Schwermüthig,Teſſiguájameke,340,,,Schwermüthig,Schwermüthig,Teſſiguájameke. Teſſi uáti,False,,False
RHD-AMEKE-LCTX-0070,RHD-AMEKE-00053,RHD-RREC-000316,RHD-S1809-01147,Schüler,Matichirujégameke,340,,,Schüler,Schüler,Matichirujégameke,False,,False
RHD-AMEKE-LCTX-0071,RHD-AMEKE-00007,RHD-RREC-000112,RHD-S1809-01199,Sieden,baſſirújameke,341,Geſotten,Geſotten,"Siedend, baſſújameke","Sieden, Baſſú. Siedend, baſſújameke. Geſotten","baſſirújameke. Es ſiedet, baſſúba",False,,False
RHD-AMEKE-LCTX-0072,RHD-AMEKE-00008,RHD-RREC-000035,RHD-S1809-01199,Sieden,baſſújameke,341,Siedend,Siedend,"Sieden, Baſſú","Sieden, Baſſú. Siedend","baſſújameke. Geſotten, baſſirújameke. Es ſiedet, baſſúba",False,,False
RHD-AMEKE-LCTX-0073,RHD-AMEKE-00013,RHD-RREC-000016,RHD-S1809-01198,Sieh,Cocojámeke,341,Sieh,Sieh,,Sieh,Cocojámeke,False,,False
RHD-AMEKE-LCTX-0074,RHD-AMEKE-00065,RHD-RREC-000037,RHD-S1809-01216,Sorglos,Nalſiameke,342,Sorglos,Sorglos,,Sorglos,Nalſiameke,False,,False
RHD-AMEKE-LCTX-0075,RHD-AMEKE-00121,RHD-RREC-000308,RHD-S1809-01267,Stein,telé ulíameke,344,Steinerne Säule,Steinerne Säule,"Stein, Teéke, techéke","Stein, Teéke, techéke. Steinerne Säule","telé ulíameke, Zerſtoßener Stein, tecubírameke. Von den Steinen und Felſen des großen tarahumariſche",False,,False
RHD-AMEKE-LCTX-0076,RHD-AMEKE-00110,RHD-RREC-000261,RHD-S1809-01277,Sterblich,tá mukílatiameke,344,,,B,"ins tá, nicht, nein, welches, weil die tarahumariſche Sprache keine zuſammengeſetzte Wörter (compoſita) hat, mit unſerm deutſchen Un gleichbedeutend iſt, z. B","tá mukílatiameke, unvergänglich, immerdauernd",False,,False
RHD-AMEKE-LCTX-0077,RHD-AMEKE-00134,RHD-RREC-000082,RHD-S1809-01281,Stinken,Tſchipúgameke,344,Stinkend,Stinkend,"Stinken, Tſchipú","Stinken, Tſchipú. Stinkend",Tſchipúgameke,False,,False
RHD-AMEKE-LCTX-0078,RHD-AMEKE-00040,RHD-RREC-000076,RHD-S1809-01330,Thun,jolájameke,346,Thuend,Thuend,Jolá,Thun. Jolá. Thuend,"jolájameke. Gethan, jolarúgameke. Es iſt gethan, jolárupa",False,,False
RHD-AMEKE-LCTX-0079,RHD-AMEKE-00041,RHD-RREC-000028,RHD-S1809-01330,Thun,jolarúgameke,346,Gethan,Gethan,"Thuend, jolájameke","Thun. Jolá. Thuend, jolájameke. Gethan","jolarúgameke. Es iſt gethan, jolárupa",False,,False
RHD-AMEKE-LCTX-0080,RHD-AMEKE-00101,RHD-RREC-000010,RHD-S1809-01335,Todtſeyn,Schuguiameke,346,"Todtſeyn, Mukúameke",Mukúameke,,"Todtſeyn, Mukúameke",ſchuguiameke,False,,False
RHD-AMEKE-LCTX-0081,RHD-AMEKE-00101,RHD-RREC-000010,RHD-S1809-01335,Todtſeyn,ſchuguiameke,346,"Todtſeyn, Mukúameke",Mukúameke,,"Todtſeyn, Mukúameke",ſchuguiameke,False,,False
RHD-AMEKE-LCTX-0082,RHD-AMEKE-00065,RHD-RREC-000037,RHD-S1809-01340,Trag,Nalſiameke,346,,,Trag,Trag,Nalſiameke,False,,False
RHD-AMEKE-LCTX-0083,RHD-AMEKE-00077,RHD-RREC-000031,RHD-S1809-01347,Trinker,Pahiameke,346,Trinker,Trinker,,Trinker,Pahiameke,False,,False
RHD-AMEKE-LCTX-0084,RHD-AMEKE-00039,RHD-RREC-000245,RHD-S1809-01321,Tänzer,Jauguirameke,346,Tänzer,Tänzer,,Tänzer,Jauguirameke,False,,False
RHD-AMEKE-LCTX-0085,RHD-AMEKE-00118,RHD-RREC-000065,RHD-S1809-01374,Unbeweibt,Taſló upéameke,347,Unbeweibt,Unbeweibt,,Unbeweibt,Taſló upéameke,False,,False
RHD-AMEKE-LCTX-0086,RHD-AMEKE-00113,RHD-RREC-000256,RHD-S1809-01375,Unendlich,Tá ſchuguiameke,347,Unendlich,Unendlich,,Unendlich,Tá ſchuguiameke,False,,False
RHD-AMEKE-LCTX-0087,RHD-AMEKE-00108,RHD-RREC-000269,RHD-S1809-01376,Unerſchrocken,Tá mahajámeke,347,Unerſchrocken,Unerſchrocken,,Unerſchrocken,Tá mahajámeke,False,,False
RHD-AMEKE-LCTX-0088,RHD-AMEKE-00111,RHD-RREC-000033,RHD-S1809-01381,Ungewaſchen,Tá pagótugameke,347,Ungewaſchen,Ungewaſchen,,Ungewaſchen,Tá pagótugameke,False,,False
RHD-AMEKE-LCTX-0089,RHD-AMEKE-00109,RHD-RREC-000061,RHD-S1809-01384,Unkundig,Tá matſchigameke,347,Unkundig,Unkundig,,Unkundig,Tá matſchigameke,False,,False
RHD-AMEKE-LCTX-0090,RHD-AMEKE-00118,RHD-RREC-000065,RHD-S1809-01396,Unverehelicht,Taſló upéameke,347,Unverehelicht,Unverehelicht,,Unverehelicht,Taſló upéameke,False,,False
RHD-AMEKE-LCTX-0091,RHD-AMEKE-00109,RHD-RREC-000061,RHD-S1809-01405,Unwiſſend,Tá matſchigameke,347,Unwiſſend,Unwiſſend,,Unwiſſend,Tá matſchigameke,False,,False
RHD-AMEKE-LCTX-0092,RHD-AMEKE-00107,RHD-RREC-000277,RHD-S1809-01407,Unzeitig,Tá baſſigameke,347,Unzeitig,Unzeitig,,Unzeitig,Tá baſſigameke,False,,False
RHD-AMEKE-LCTX-0093,RHD-AMEKE-00050,RHD-RREC-000002,RHD-S1809-01388,Unſinnig,Loguiameke,347,Unſinnig,Unſinnig,,Unſinnig,Loguiameke,False,,False
RHD-AMEKE-LCTX-0094,RHD-AMEKE-00004,RHD-RREC-000132,RHD-S1809-01408,Urbar,Baſſatiameke,347,"Urbar, das ſich pflügen läßt",das ſich pflügen läßt,,"Urbar, das ſich pflügen läßt",Baſſatiameke,False,,False
RHD-AMEKE-LCTX-0095,RHD-AMEKE-00143,RHD-RREC-000117,RHD-S1809-01420,Verbrecher,Tſetijolámeke,347,Verbrecher,Verbrecher,,Verbrecher,Tſetijolámeke,False,,False
RHD-AMEKE-LCTX-0096,RHD-AMEKE-00058,RHD-RREC-000093,RHD-S1809-01423,Verfault,Mujámeke,347,Verfault,Verfault,,Verfault,Mujámeke,False,,False
RHD-AMEKE-LCTX-0097,RHD-AMEKE-00081,RHD-RREC-000006,RHD-S1809-01435,Verhärtet,Peguameke,347,Verhärtet,Verhärtet,,Verhärtet,Peguameke,False,,False
RHD-AMEKE-LCTX-0098,RHD-AMEKE-00101,RHD-RREC-000010,RHD-S1809-01475,Verzehren,Schuguiameke,348,Verzehrt,Verzehrt,"Verzehren, Schuguá","Verzehren, Schuguá. Verzehrt","ſchuguiameke, das heißt: es iſt ausgegangen, hat abgenommen. So pflegen ſie auch zu ſagen, wenn ſie",False,,False
RHD-AMEKE-LCTX-0099,RHD-AMEKE-00101,RHD-RREC-000010,RHD-S1809-01475,Verzehren,ſchuguiameke,348,Verzehrt,Verzehrt,"Verzehren, Schuguá","Verzehren, Schuguá. Verzehrt","ſchuguiameke, das heißt: es iſt ausgegangen, hat abgenommen. So pflegen ſie auch zu ſagen, wenn ſie",False,,False
RHD-AMEKE-LCTX-0100,RHD-AMEKE-00101,RHD-RREC-000010,RHD-S1809-01464,Verſtorben,Schuguiameke,348,,,"Verſtorben, Mukúameke","Verſtorben, Mukúameke",Schuguiameke,False,,False
RHD-AMEKE-LCTX-0101,RHD-AMEKE-00101,RHD-RREC-000010,RHD-S1809-01464,Verſtorben,ſchuguiameke,348,,,"Verſtorben, Mukúameke","Verſtorben, Mukúameke",Schuguiameke,False,,False
RHD-AMEKE-LCTX-0102,RHD-AMEKE-00054,RHD-RREC-000048,RHD-S1809-01462,Verſtändig,Matſchigameke,348,Verſtändig,Verſtändig,,Verſtändig,Matſchigameke,False,,False
RHD-AMEKE-LCTX-0103,RHD-AMEKE-00009,RHD-RREC-000264,RHD-S1809-01479,Viehiſch,Bucúameke,348,Viehiſch,Viehiſch,,Viehiſch,Bucúameke,False,,False
RHD-AMEKE-LCTX-0104,RHD-AMEKE-00050,RHD-RREC-000002,RHD-S1809-01511,Wahnſinnig,Loguiameke,349,,,Wahnſinnig,Wahnſinnig,Loguiameke,False,,False
RHD-AMEKE-LCTX-0105,RHD-AMEKE-00031,RHD-RREC-000232,RHD-S1809-01541,Waizen,holirúgameke,350,Nach abgelöſten Körnern,Nach abgelöſten Körnern,"Die Frucht noch am Stamme, patſchiki","Waizen, türkiſcher, Schunúcu, oder ſunúcu. Die Frucht noch am Stamme, patſchiki. Nach abgelöſten Körnern","holirúgameke. Noch nicht abgekörnt, honéameke. Geröſtet und zu Mehl gemacht, cuviruſi. Gemahlen und",False,,False
RHD-AMEKE-LCTX-0106,RHD-AMEKE-00032,RHD-RREC-000193,RHD-S1809-01541,Waizen,honéameke,350,Noch nicht abgekörnt,Noch nicht abgekörnt,"Nach abgelöſten Körnern, holirúgameke","Waizen, türkiſcher, Schunúcu, oder ſunúcu. Die Frucht noch am Stamme, patſchiki. Nach abgelöſten Körnern, holirúgameke. Noch nicht abgekörnt","honéameke. Geröſtet und zu Mehl gemacht, cuviruſi. Gemahlen und nicht geröſtet, lakiki. Gekocht, wie",False,,False
RHD-AMEKE-LCTX-0107,RHD-AMEKE-00087,RHD-RREC-000072,RHD-S1809-01520,Warten,pugueameke,350,Wartend,Wartend,Pugué,"Warten, Uili. Pugué. Wartend",pugueameke,False,,False
RHD-AMEKE-LCTX-0108,RHD-AMEKE-00091,RHD-RREC-000160,RHD-S1809-01538,Weiß,Rolácameke,350,Weiß,Weiß,,Weiß,"Rolácameke, toſácameke",False,,False
RHD-AMEKE-LCTX-0109,RHD-AMEKE-00086,RHD-RREC-000225,RHD-S1809-01546,Widder,Pouguáca jumarúgameke,350,Widder,Widder,,Widder,Pouguáca jumarúgameke,False,,False
RHD-AMEKE-LCTX-0110,RHD-AMEKE-00080,RHD-RREC-000075,RHD-S1809-01524,Wäſſerig,Pauguirugameke,350,Wäſſerig,Wäſſerig,,Wäſſerig,Pauguirugameke,False,,False
RHD-AMEKE-LCTX-0111,RHD-AMEKE-00050,RHD-RREC-000002,RHD-S1809-01577,Wüthig,Loguiameke,351,Wüthig,Wüthig,,Wüthig,Loguiameke,False,,False
RHD-AMEKE-LCTX-0112,RHD-AMEKE-00005,RHD-RREC-000130,RHD-S1809-01591,Zeitig,Baſſiameke,352,,,Zeitig,Zeitig,Baſſiameke. ſ. reif,False,,False
RHD-AMEKE-LCTX-0113,RHD-AMEKE-00144,RHD-RREC-000128,RHD-S1809-01596,Zerreiben,tutſchirúgameke,352,Zerrieben,Zerrieben,"Zerreiben, Tutſchi","Zerreiben, Tutſchi. Zerrieben",tutſchirúgameke,False,,False
RHD-AMEKE-LCTX-0114,RHD-AMEKE-00116,RHD-RREC-000123,RHD-S1809-01600,Zeugen,tanarúgameke,352,Gezeugt,Gezeugt,"Zeugen, gebähren, Taná","Zeugen, gebähren, Taná. Gezeugt",tanarúgameke,False,,False
