member_id,graphic_key,surface_forms,exclusive_suffix_class,mechanically_stripped_suffix,mechanically_stripped_base,source_layers,printed_pages,german_contexts,internal_concordance_count,internal_reciprocal_german_support_count,human_reviewed
RHD-AMEKE-00001,ajonameke,Ajónameke,ameke_other,ameke,ajon,RAR-DE,353,ein Zorniger,2,0,False
RHD-AMEKE-00002,baicarugameke,Baicarúgameke,ugameke,ugameke,baicar,RAR-DE,354,dreyfach,0,0,False
RHD-AMEKE-00003,bajeameke,Bajéameke,ameke_other,ameke,baje,RAR-DE,354,der Rufende,1,0,False
RHD-AMEKE-00004,bassatiameke,Baſſatiameke,iameke,iameke,bassat,DE-RAR-residual-recovery,347,Urbar,0,0,False
RHD-AMEKE-00005,bassiameke,Baſſiameke,iameke,iameke,bass,DE-RAR-residual-recovery,352,Zeitig,0,0,False
RHD-AMEKE-00006,bassirugameke,Baſſirúgameke,ugameke,ugameke,bassir,RAR-DE,354,Gekochtes,1,0,False
RHD-AMEKE-00007,bassirujameke,baſſirújameke,jameke,jameke,bassiru,DE-RAR-residual-recovery,341,Sieden,0,0,False
RHD-AMEKE-00008,bassujameke,Baſſujameke | baſſújameke,jameke,jameke,bassu,DE-RAR-residual-recovery,324 | 341,Heiß | Sieden,0,0,False
RHD-AMEKE-00009,bucuameke,Bucúameke,ameke_other,ameke,bucu,DE-RAR-residual-recovery,348,Viehiſch,0,0,False
RHD-AMEKE-00010,bulirugameke,Bulirúgameke,ugameke,ugameke,bulir,RAR-DE,355,Gebundenes,1,0,False
RHD-AMEKE-00011,cavolameke,Cavólameke,ameke_other,ameke,cavol,RAR-DE,355,"oder cavórameke, kugelförmig",3,1,False
RHD-AMEKE-00012,coajameke,Coajameke,jameke,jameke,coa,RAR-DE,355,das Eſſen,2,1,False
RHD-AMEKE-00013,cocojameke,Cocojameke | Cocojámeke,jameke,jameke,coco,DE-RAR-residual-recovery,327 | 341,Krank | Sieh,0,0,False
RHD-AMEKE-00014,cotschimeameke,Cotſchimeameke,ameke_other,ameke,cotschime,RAR-DE,355,Ein Schlafender,1,0,False
RHD-AMEKE-00015,cuguiameke,Cuguíameke,iameke,iameke,cugu,RAR-DE,356,Helfer,1,1,False
RHD-AMEKE-00016,culeameke,Culéameke,ameke_other,ameke,cule,RAR-DE,356,"Ein Ort, oder Gegend, wo es Holz oder Bäume giebt",0,0,False
RHD-AMEKE-00017,culuameke,Culúameke,ameke_other,ameke,culu,RAR-DE,356,"dick, fett, leibig, Schmeerbauch",2,2,False
RHD-AMEKE-00018,cuneameke,Cunéameke,ameke_other,ameke,cune,RAR-DE,356,Verheurathete Weibsperson,3,0,False
RHD-AMEKE-00019,cusigameke,Cusigameke,gameke,gameke,cusi,DE-RAR-residual-recovery,325,Hölzern,0,0,False
RHD-AMEKE-00020,cusigueameke,Cusiguéameke,ameke_other,ameke,cusigue,RAR-DE,356,"Der einen Stab oder Stecken hat, ſ",1,0,False
RHD-AMEKE-00021,etschagueameke,Etſchaguéameke,ameke_other,ameke,etschague,DE-RAR-residual-recovery,307,Bärtig,0,0,False
RHD-AMEKE-00022,etschaguoameke,Etschaguóameke,ameke_other,ameke,etschaguo,RAR-DE,356,"Der einen Bart hat, s",0,0,False
RHD-AMEKE-00023,gabassirugameke,gabaſſirúgameke,ugameke,ugameke,gabassir,DE-RAR-residual-recovery,326,Kochen,0,0,False
RHD-AMEKE-00024,galatsaneliameke,Galatſaneliameke,iameke,iameke,galatsanel,DE-RAR-residual-recovery,320,Geſegnet,0,0,False
RHD-AMEKE-00025,ganeliameke,Ganeliameke,iameke,iameke,ganel,RAR-DE,357,"Der geſund iſt, dem es gut geht",3,1,False
RHD-AMEKE-00026,gassirugameke,Gaſſirúgameke,ugameke,ugameke,gassir,DE-RAR-residual-recovery,338,Scherben,0,0,False
RHD-AMEKE-00027,guauguerugameke,Guauguérúgameke,ugameke,ugameke,guauguer,DE-RAR-residual-recovery,320,Gebraten,0,0,False
RHD-AMEKE-00028,guelameke,Guelámeke,ameke_other,ameke,guel,RAR-DE,357,altes Weib,2,1,False
RHD-AMEKE-00029,guenomi tschiperameke,Guenomi tſchipérameke,ameke_other,ameke,guenomi tschiper,DE-RAR-residual-recovery,309,Blech,0,0,False
RHD-AMEKE-00030,haagameke,Haagameke,gameke,gameke,haa,RAR-DE,357,Belebt,2,1,False
RHD-AMEKE-00031,holirugameke,holirúgameke,ugameke,ugameke,holir,DE-RAR-residual-recovery,350,Waizen,0,0,False
RHD-AMEKE-00032,honeameke,honéameke,ameke_other,ameke,hone,DE-RAR-residual-recovery,350,Waizen,0,0,False
RHD-AMEKE-00033,hulirugameke,Hulirúgameke,ugameke,ugameke,hulir,DE-RAR-residual-recovery,301,Abſchicken,0,0,False
RHD-AMEKE-00034,humeameke,Humeameke,ameke_other,ameke,hume,RAR-DE,358,Flüchtling,2,0,False
RHD-AMEKE-00035,ibe motschiameke,Ibe motſchiameke,iameke,iameke,ibe motsch,DE-RAR-residual-recovery,313,Eingebohrner,0,0,False
RHD-AMEKE-00036,igueameke,Igueameke,ameke_other,ameke,igue,RAR-DE,359,"Ein Starker, der Kräfte hat",3,0,False
RHD-AMEKE-00037,ipagatugameke,Ipagatúgameke,ugameke,ugameke,ipagat,DE-RAR-residual-recovery,321,Getauft,0,0,False
RHD-AMEKE-00038,itschiguajameke,Itſchiguájameke,jameke,jameke,itschigua,RAR-DE,359,Dieb,1,1,False
RHD-AMEKE-00039,jauguirameke,Jauguirameke,ameke_other,ameke,jauguir,DE-RAR-residual-recovery,346,Tänzer,0,0,False
RHD-AMEKE-00040,jolajameke,jolájameke,jameke,jameke,jola,DE-RAR-residual-recovery,346,Thun,0,0,False
RHD-AMEKE-00041,jolarugameke,Jolárugameke | jolarúgameke,ugameke,ugameke,jolar,DE-RAR-residual-recovery,330 | 346,Machen | Thun,0,0,False
RHD-AMEKE-00042,juma guetsi gatigameke,Jumá guetsí gatígameke,gameke,gameke,juma guetsi gati,RAR-DE,359,Allgegenwärtig,0,0,False
RHD-AMEKE-00043,jumajumajameke,Jumájumájameke,jameke,jameke,jumajuma,RAR-DE,359,Allmächtig,1,1,False
RHD-AMEKE-00044,jumamatsigameke,Jumámatsigameke,gameke,gameke,jumamatsi,DE-RAR-residual-recovery,301,Allwiſſend,0,0,False
RHD-AMEKE-00045,jumanamatschigameke,Jumánamatschígameke,gameke,gameke,jumanamatschi,RAR-DE,359,Allwissend,0,0,False
RHD-AMEKE-00046,jumarugameke,Jumarúgameke,ugameke,ugameke,jumar,RAR-DE,359,Vollkommen,4,0,False
RHD-AMEKE-00047,kachkagameke,Kachkágameke,gameke,gameke,kachka,RAR-DE,359,Süß,1,1,False
RHD-AMEKE-00048,lesiameke,Leſiameke,iameke,iameke,les,DE-RAR-residual-recovery,315,Ermüden,0,0,False
RHD-AMEKE-00049,lessiameke,Lessíameke,iameke,iameke,less,RAR-DE,360,"Müde, matt",1,1,False
RHD-AMEKE-00050,loguiameke,Loguiameke,iameke,iameke,logu,DE-RAR-residual-recovery,336 | 347 | 349 | 351,Raſen | Unſinnig | Wahnſinnig | Wüthig,0,0,False
RHD-AMEKE-00051,loguijameke,Loguijameke,jameke,jameke,logui,RAR-DE,360,Raſend,0,0,False
RHD-AMEKE-00052,mahajameke,Mahajámeke,jameke,jameke,maha,DE-RAR-residual-recovery,319,Furchtſam,0,0,False
RHD-AMEKE-00053,matichirujegameke,Matichirujégameke,gameke,gameke,matichiruje,DE-RAR-residual-recovery,340,Schüler,0,0,False
RHD-AMEKE-00054,matschigameke,Matſchigameke,gameke,gameke,matschi,DE-RAR-residual-recovery,309 | 315 | 320 | 326 | 348,Bewußt | Erfahren | Gelehrt | Klug | Verſtändig,0,0,False
RHD-AMEKE-00055,matschirujegameke,Matſchirujegámeke,gameke,gameke,matschiruje,DE-RAR-residual-recovery,329,Lehrling,0,0,False
RHD-AMEKE-00056,melirugameke,Melirúgameke,ugameke,ugameke,melir,RAR-DE,361,Geschlachtet,1,0,False
RHD-AMEKE-00057,mujajameke,Mujájameke,jameke,jameke,muja,DE-RAR-residual-recovery,338,Roſt | Roſtig,0,0,False
RHD-AMEKE-00058,mujameke,Mujámeke,jameke,jameke,mu,DE-RAR-residual-recovery,347,Verfault,0,0,False
RHD-AMEKE-00059,muki cuneameke,Muki cunéameke,ameke_other,ameke,muki cune,DE-RAR-residual-recovery,313,Eheweib,0,0,False
RHD-AMEKE-00060,mukiameke,Mukíameke,iameke,iameke,muk,DE-RAR-residual-recovery,313,Ehemann,0,0,False
RHD-AMEKE-00061,mukiiatiameke,Mukiiatiameke,iameke,iameke,mukiiat,RAR-DE,361,Sterblich,0,0,False
RHD-AMEKE-00062,mukijameke,Mukijameke,jameke,jameke,muki,RAR-DE,361,oder beſſer upiameke,0,0,False
RHD-AMEKE-00063,mukuameke,Mukúameke,ameke_other,ameke,muku,RAR-DE,361,Todt,3,0,False
RHD-AMEKE-00064,najujameke,Najújameke,jameke,jameke,naju,RAR-DE,362,Ein Kranker,1,0,False
RHD-AMEKE-00065,nalsiameke,Nalſiameke,iameke,iameke,nals,DE-RAR-residual-recovery,342 | 346,Sorglos | Trag,0,0,False
RHD-AMEKE-00066,nassiameke,Naſsiameke,iameke,iameke,nass,DE-RAR-residual-recovery,316,Faul,0,0,False
RHD-AMEKE-00067,nesseameke,Neſſéameke,ameke_other,ameke,nesse,RAR-DE,362,Hüter,2,1,False
RHD-AMEKE-00068,neteijameke,Neteíjameke,jameke,jameke,netei,RAR-DE,362,Schöpfer,0,0,False
RHD-AMEKE-00069,netejameke,Netéjameke,jameke,jameke,nete,DE-RAR-residual-recovery,315,Erſchaffer,0,0,False
RHD-AMEKE-00070,ogajameke,Ogájameke,jameke,jameke,oga,DE-RAR-residual-recovery,324,Heilend,0,0,False
RHD-AMEKE-00071,ogueameke,Oguéameke,ameke_other,ameke,ogue,DE-RAR-residual-recovery,304,Arzney,0,0,False
RHD-AMEKE-00072,oguesameke,Oguésameke,ameke_other,ameke,ogues,DE-RAR-residual-recovery,325,Hülfsmittel,0,0,False
RHD-AMEKE-00073,ossanaguoameke,Ossanaguóameke,ameke_other,ameke,ossanaguo,RAR-DE,363,Der Achte,1,0,False
RHD-AMEKE-00074,otisherameke,Otiſherameke,ameke_other,ameke,otisher,RAR-DE,363,Ein alter Mann,0,0,False
RHD-AMEKE-00075,pagorugameke,Pagorúgameke,ugameke,ugameke,pagor,DE-RAR-residual-recovery,301 | 321,Abwaſchen | Getauft,0,0,False
RHD-AMEKE-00076,pagotugameke,Pagotúgameke,ugameke,ugameke,pagot,RAR-DE,363,Ein Getaufter,3,0,False
RHD-AMEKE-00077,pahiameke,Pahiameke | Pahíameke,iameke,iameke,pah,DE-RAR-residual-recovery,338 | 346,Saufer | Trinker,0,0,False
RHD-AMEKE-00078,pamagueameke,Pamáguéameke,ameke_other,ameke,pamague,RAR-DE,363,Grün,0,0,False
RHD-AMEKE-00079,parugameke,Parúgameke,ugameke,ugameke,par,RAR-DE,363,Fortgetragenes,0,0,False
RHD-AMEKE-00080,pauguirugameke,Pauguirugameke,ugameke,ugameke,pauguir,DE-RAR-residual-recovery,350,Wäſſerig,0,0,False
RHD-AMEKE-00081,peguameke,Peguameke | Peguámeké | Peguämeke,ameke_other,ameke,pegu,DE-RAR-residual-recovery,316 | 323 | 347,Feſt | Hart | Verhärtet,0,0,False
RHD-AMEKE-00082,pitschaburameke,Pitschabúrameke,ameke_other,ameke,pitschabur,RAR-DE,364,Verschnitten,1,0,False
RHD-AMEKE-00083,polirugameke,Polirúgameke,ugameke,ugameke,polir,DE-RAR-residual-recovery,308 | 312,Bedecken | Decken,0,0,False
RHD-AMEKE-00084,potschirugameke,Potſchirúgameke,ugameke,ugameke,potschir,RAR-DE,364,Schwanger,2,1,False
RHD-AMEKE-00085,pougua nasseameke,Pouguá naſſéameke,ameke_other,ameke,pougua nasse,DE-RAR-residual-recovery,338,Schafhirt,0,0,False
RHD-AMEKE-00086,pouguaca jumarugameke,Pouguáca jumarúgameke,ugameke,ugameke,pouguaca jumar,DE-RAR-residual-recovery,350,Widder,0,0,False
RHD-AMEKE-00087,pugueameke,pugueameke,ameke_other,ameke,pugue,DE-RAR-residual-recovery,350,Warten,0,0,False
RHD-AMEKE-00088,reguameke,Reguámeke,ameke_other,ameke,regu,DE-RAR-residual-recovery,308,Benennt,0,0,False
RHD-AMEKE-00089,repagameke,Repágameke | repágameke,gameke,gameke,repa,DE-RAR-residual-recovery,309 | 322 | 330,Blitzen | Glänzend | Leuchten | Leuchtend,0,0,False
RHD-AMEKE-00090,repagatigameke,Repágatigameke,gameke,gameke,repagati,DE-RAR-residual-recovery,334,Oberer,0,0,False
RHD-AMEKE-00091,rolacameke,Rolácameke,ameke_other,ameke,rolac,DE-RAR-residual-recovery,350,Weiß,0,0,False
RHD-AMEKE-00092,rosacameke,Roſácameke,ameke_other,ameke,rosac,RAR-DE,365,oder toſácameke,0,0,False
RHD-AMEKE-00093,saaeameke,Saaéameke,ameke_other,ameke,saae,DE-RAR-residual-recovery,338,Sandig,0,0,False
RHD-AMEKE-00094,saateameke,Saatéameke,ameke_other,ameke,saate,RAR-DE,365,Sandig,0,0,False
RHD-AMEKE-00095,sakiameke,Sakiameke,iameke,iameke,sak,DE-RAR-residual-recovery,313,Dürr,0,0,False
RHD-AMEKE-00096,samiameke,Samiámeke,iameke,iameke,sam,RAR-DE,365,Feucht,1,1,False
RHD-AMEKE-00097,sapeameke,Sapéameke,ameke_other,ameke,sape,DE-RAR-residual-recovery,318,Fleiſchig,0,0,False
RHD-AMEKE-00098,satiameke,Satiameke,iameke,iameke,sat,RAR-DE,365,Anfechter,2,1,False
RHD-AMEKE-00099,schiojameke,Schiójameke,jameke,jameke,schio,RAR-DE,365,Blau,0,0,False
RHD-AMEKE-00100,schugiameke,Schugiámeke,iameke,iameke,schug,RAR-DE,365,"Es ist ausgegangen, hat abgenommen",0,0,False
RHD-AMEKE-00101,schuguiameke,Schuguiameke | ſchuguiameke,iameke,iameke,schugu,DE-RAR-residual-recovery,346 | 348,Todtſeyn | Verzehren | Verſtorben,0,0,False
RHD-AMEKE-00102,seliameke,Seliameke,iameke,iameke,sel,RAR-DE,365,So nennen ſie ihren Dorfrichter,1,0,False
RHD-AMEKE-00103,sikirugameke,Sikirúgameke,ugameke,ugameke,sikir,RAR-DE,365,Zerhauenes,3,0,False
RHD-AMEKE-00104,simiameke,Simiameke,iameke,iameke,sim,DE-RAR-residual-recovery,301,Abgehen,0,0,False
RHD-AMEKE-00105,sriameke,Sriameke,iameke,iameke,sr,DE-RAR-residual-recovery,338,Satan,0,0,False
RHD-AMEKE-00106,stacameke,Stácameke,ameke_other,ameke,stac,RAR-DE,368,oder Stácameke,1,0,False
RHD-AMEKE-00107,ta bassigameke,Tá baſſigameke,gameke,gameke,ta bassi,DE-RAR-residual-recovery,347,Unzeitig,0,0,False
RHD-AMEKE-00108,ta mahajameke,Tá mahajámeke,jameke,jameke,ta maha,DE-RAR-residual-recovery,347,Unerſchrocken,0,0,False
RHD-AMEKE-00109,ta matschigameke,Tá matſchigameke,gameke,gameke,ta matschi,DE-RAR-residual-recovery,347,Unkundig | Unwiſſend,0,0,False
RHD-AMEKE-00110,ta mukilatiameke,tá mukílatiameke,iameke,iameke,ta mukilat,DE-RAR-residual-recovery,344,Sterblich,0,0,False
RHD-AMEKE-00111,ta pagotugameke,Tà pagotúgameke | Tá pagótugameke,ugameke,ugameke,ta pagot,DE-RAR-residual-recovery,323 | 347,Heide | Ungewaſchen,0,0,False
RHD-AMEKE-00112,ta sapeameke,Tá ſapéameke,ameke_other,ameke,ta sape,DE-RAR-residual-recovery,331,Mager,0,0,False
RHD-AMEKE-00113,ta schuguiameke,Tá ſchuguiameke,iameke,iameke,ta schugu,DE-RAR-residual-recovery,347,Unendlich,0,0,False
RHD-AMEKE-00114,tamatischigameke,Támatiſchigameke,gameke,gameke,tamatischi,DE-RAR-residual-recovery,309,Blind,0,0,False
RHD-AMEKE-00115,tameke,Tameké,ameke_other,ameke,t,RAR-DE,366,Wir,0,0,False
RHD-AMEKE-00116,tanarugameke,tanarúgameke,ugameke,ugameke,tanar,DE-RAR-residual-recovery,352,Zeugen,0,0,False
RHD-AMEKE-00117,taragameke,Taragameke,gameke,gameke,tara,RAR-DE,366,Zähler,1,0,False
RHD-AMEKE-00118,taslo upeameke,Taſló upéameke,ameke_other,ameke,taslo upe,DE-RAR-residual-recovery,347,Unbeweibt | Unverehelicht,0,0,False
RHD-AMEKE-00119,teculuameke,Teculüameke,ameke_other,ameke,teculu,RAR-DE,366,Berauſcht,4,0,False
RHD-AMEKE-00120,tehimeameke,Tehiméameke,ameke_other,ameke,tehime,RAR-DE,366,Verwandter,2,1,False
RHD-AMEKE-00121,tele uliameke,telé ulíameke,iameke,iameke,tele ul,DE-RAR-residual-recovery,344,Stein,0,0,False
RHD-AMEKE-00122,telegatigameke,Telégatigámeke,gameke,gameke,telegati,RAR-DE,367,"der unten iſt, ſ",1,0,False
RHD-AMEKE-00123,tepagatigameke,Tepágatigámeke,gameke,gameke,tepagati,RAR-DE,367,ſ,0,0,False
RHD-AMEKE-00124,tepulirugameke,Tepulirúgameke,ugameke,ugameke,tepulir,DE-RAR-residual-recovery,301,Abhauen,0,0,False
RHD-AMEKE-00125,tessiguajameke,Teſſiguájameke,jameke,jameke,tessigua,DE-RAR-residual-recovery,340,Schwermüthig,0,0,False
RHD-AMEKE-00126,thulameke,Thulämeke | Thúlameke,ameke_other,ameke,thul,DE-RAR-residual-recovery,319 | 326,Froſtig | Kalt,0,0,False
RHD-AMEKE-00127,tlestatacameke,Tleſtatäcameke,ameke_other,ameke,tlestatac,DE-RAR-residual-recovery,338,Roth,0,0,False
RHD-AMEKE-00128,tlestataccameke,Tlestatáccameke,ameke_other,ameke,tlestatacc,RAR-DE,368,oder Stácameke,0,0,False
RHD-AMEKE-00129,tosacameke,Toſácameke,ameke_other,ameke,tosac,RAR-DE,367,Weiß,1,1,False
RHD-AMEKE-00130,tsainijolajameke,tſainijolájameke,jameke,jameke,tsainijola,RAR-DE,367,Der Böſes thut,1,0,False
RHD-AMEKE-00131,tsanijameke,Tſaníjameke,jameke,jameke,tsani,DE-RAR-residual-recovery,308,Bejahen,0,0,False
RHD-AMEKE-00132,tschapirugameke,tſchapirúgameke,ugameke,ugameke,tschapir,DE-RAR-residual-recovery,315,Ergreifen,0,0,False
RHD-AMEKE-00133,tschiperameke,Tſchiperameke,ameke_other,ameke,tschiper,RAR-DE,367,Fein,3,0,False
RHD-AMEKE-00134,tschipugameke,Tſchipúgameke,ugameke,ugameke,tschip,DE-RAR-residual-recovery,344,Stinken,0,0,False
RHD-AMEKE-00135,tschirulameke,Tſchirúlameke,ameke_other,ameke,tschirul,RAR-DE,368,Rund,0,0,False
RHD-AMEKE-00136,tschitschiameke,Tſchitſchiameke,iameke,iameke,tschitsch,RAR-DE,368,Säugling,1,1,False
RHD-AMEKE-00137,tschitulameke,Tſchitulámeke | tſchitúlameke,ameke_other,ameke,tschitul,DE-RAR-residual-recovery,328 | 338,Kugelförmig | Rund,0,0,False
RHD-AMEKE-00138,tschucuameke,tſchucúameke,ameke_other,ameke,tschucu,DE-RAR-residual-recovery,327,Kriechen,0,0,False
RHD-AMEKE-00139,tschulugeameke,Tschulugéameke,ameke_other,ameke,tschuluge,RAR-DE,368,Hungrig,0,0,False
RHD-AMEKE-00140,tschutarugameke,Tſchutárugameke,ugameke,ugameke,tschutar,DE-RAR-residual-recovery,338,Scharf,0,0,False
RHD-AMEKE-00141,tschutscheliameke,Tſchutſcheliameke,iameke,iameke,tschutschel,DE-RAR-residual-recovery,338,Salben,0,0,False
RHD-AMEKE-00142,tsetijolajameke,Tſetijolájameke,jameke,jameke,tsetijola,RAR-DE,368,Uebelthäter,2,0,False
RHD-AMEKE-00143,tsetijolameke,Tſetijolámeke,ameke_other,ameke,tsetijol,DE-RAR-residual-recovery,347,Verbrecher,0,0,False
RHD-AMEKE-00144,tutschirugameke,tutſchirúgameke,ugameke,ugameke,tutschir,DE-RAR-residual-recovery,352,Zerreiben,0,0,False
RHD-AMEKE-00145,uelameke,Uélameke,ameke_other,ameke,uel,RAR-DE,368,Altes Weib,0,0,False
RHD-AMEKE-00146,upeameke,Upéameke,ameke_other,ameke,upe,RAR-DE,368,"Ein Verheyratheter, Ehemann",4,0,False
RHD-AMEKE-00147,veniameke,Veníameke,iameke,iameke,ven,RAR-DE,368,Zahm,1,1,False
