family_hypothesis_id,seed_recovery_id,seed_graphic_key,seed_surface_forms,seed_de_rar_headwords,seed_occurrence_count,neighbor_count,neighbor_graphic_keys,human_reviewed
RHD-GFAM-00001,RHD-RREC-000043,thulameke,Thulämeke | Thúlameke,Froſtig | Kalt,2,151,thulaneke | teculuameke | tschirulameke | tschitulameke | guelameke | uelameke | culeameke | culuameke | humeameke | igueameke | mujameke | ogueameke | tameke | thulane | tschucuameke | schugiameke | tehimeameke | cavolameke | cuguiameke | loguiameke | mahajameke | najujameke | oguesameke | parugameke | pugueameke | taragameke | tosacameke | ajonameke | bajeameke | bucuameke | coajameke | cuneameke | haagameke | honeameke | lesiameke | mukiameke | mukuameke | ogajameke | pahiameke | peguameke | reguameke | saaeameke | sakiameke | samiameke | sapeameke | satiameke | seliameke | simiameke | sriameke | stacameke | thulagua | upeameke | veniameke | temeke | tsetijolameke | baicarugameke | bassatiameke | bassiameke | bassirugameke | bassirujameke | bassujameke | bulirugameke | cocojameke | cotschimeameke | cusigameke | cusigueameke | etschagueameke | etschaguoameke | gabassirugameke | galatsaneliameke | ganeliameke | gassirugameke | guauguerugameke | guenomi tschiperameke | holirugameke | hulirugameke | ibe motschiameke | ipagatugameke | itschiguajameke | jauguirameke | jolajameke | jolarugameke | juma guetsi gatigameke | jumajumajameke | jumamatsigameke | jumanamatschigameke | jumarugameke | kachkagameke | lessiameke | loguijameke | matichirujegameke | matschigameke | matschirujegameke | melirugameke | mujajameke | muki cuneameke | mukiiatiameke | mukijameke | nalsiameke | nassiameke | nesseameke | neteijameke | netejameke | ossanaguoameke | otisherameke | pagorugameke | pagotugameke | pamagueameke | pauguirugameke | pitschaburameke | polirugameke | potschirugameke | pougua nasseameke | pouguaca jumarugameke | repagameke | repagatigameke | rolacameke | rosacameke | saateameke | schiojameke | schuguiameke | sikirugameke | ta bassigameke | ta mahajameke | ta matschigameke | ta mukilatiameke | ta pagotugameke | ta sapeameke | ta schuguiameke | tamatischigameke | tanarugameke | taslo upeameke | tele uliameke | telegatigameke | tepagatigameke | tepulirugameke | tessiguajameke | tlestatacameke | tlestataccameke | tsainijolajameke | tsanijameke | tschapirugameke | tschiperameke | tschipugameke | tschitschiameke | tschulugeameke | tschutarugameke | tschutscheliameke | tsetijolajameke | tutschirugameke | meke,False
RHD-GFAM-00002,RHD-RREC-000031,pahiameke,Pahiameke | Pahíameke,Saufer | Trinker,2,150,sakiameke | samiameke | satiameke | bassiameke | nalsiameke | nassiameke | mahajameke | parugameke | lesiameke | mukiameke | seliameke | simiameke | sriameke | veniameke | bajeameke | haagameke | peguameke | saaeameke | sapeameke | ganeliameke | schugiameke | schiojameke | tehimeameke | tsanijameke | cuguiameke | lessiameke | loguiameke | cavolameke | cusigameke | mukijameke | najujameke | pugueameke | repagameke | saateameke | taragameke | ajonameke | bucuameke | coajameke | culeameke | culuameke | cuneameke | guelameke | honeameke | humeameke | igueameke | mujameke | mukuameke | ogajameke | ogueameke | reguameke | stacameke | tameke | thulameke | uelameke | upeameke | ibe motschiameke | tschitschiameke | bassatiameke | galatsaneliameke | mukiiatiameke | schuguiameke | ta mukilatiameke | ta schuguiameke | tele uliameke | tschutscheliameke | baicarugameke | bassirugameke | bassirujameke | bassujameke | bulirugameke | cocojameke | cotschimeameke | cusigueameke | etschagueameke | etschaguoameke | gabassirugameke | gassirugameke | guauguerugameke | guenomi tschiperameke | holirugameke | hulirugameke | ipagatugameke | itschiguajameke | jauguirameke | jolajameke | jolarugameke | juma guetsi gatigameke | jumajumajameke | jumamatsigameke | jumanamatschigameke | jumarugameke | kachkagameke | loguijameke | matichirujegameke | matschigameke | matschirujegameke | melirugameke | mujajameke | muki cuneameke | nesseameke | neteijameke | netejameke | oguesameke | ossanaguoameke | otisherameke | pagorugameke | pagotugameke | pamagueameke | pauguirugameke | pitschaburameke | polirugameke | potschirugameke | pougua nasseameke | pouguaca jumarugameke | repagatigameke | rolacameke | rosacameke | sikirugameke | ta bassigameke | ta mahajameke | ta matschigameke | ta pagotugameke | ta sapeameke | tamatischigameke | tanarugameke | taslo upeameke | teculuameke | telegatigameke | tepagatigameke | tepulirugameke | tessiguajameke | tlestatacameke | tlestataccameke | tosacameke | tsainijolajameke | tschapirugameke | tschiperameke | tschipugameke | tschirulameke | tschitulameke | tschucuameke | tschulugeameke | tschutarugameke | tsetijolajameke | tsetijolameke | tutschirugameke | meke | pahi | pahila | temeke,False
RHD-GFAM-00003,RHD-RREC-000006,peguameke,Peguameke | Peguámeké | Peguämeke,Feſt | Hart | Verhärtet,3,150,peguamecke | reguameke | pugueameke | cuguiameke | loguiameke | parugameke | bucuameke | culuameke | mukuameke | igueameke | lesiameke | ogueameke | pagorugameke | pagotugameke | pahiameke | pamagueameke | seliameke | uelameke | upeameke | veniameke | teculuameke | loguijameke | lessiameke | najujameke | nesseameke | netejameke | oguesameke | repagameke | ajonameke | bajeameke | coajameke | culeameke | cuneameke | guelameke | haagameke | honeameke | humeameke | mujameke | mukiameke | ogajameke | pegua | saaeameke | sakiameke | samiameke | sapeameke | satiameke | simiameke | sriameke | stacameke | tameke | thulameke | temeke | tschucuameke | baicarugameke | bassatiameke | bassiameke | bassirugameke | bassirujameke | bassujameke | bulirugameke | cavolameke | cocojameke | cotschimeameke | cusigameke | cusigueameke | etschagueameke | etschaguoameke | gabassirugameke | galatsaneliameke | ganeliameke | gassirugameke | guauguerugameke | guenomi tschiperameke | holirugameke | hulirugameke | ibe motschiameke | ipagatugameke | itschiguajameke | jauguirameke | jolajameke | jolarugameke | juma guetsi gatigameke | jumajumajameke | jumamatsigameke | jumanamatschigameke | jumarugameke | kachkagameke | mahajameke | matichirujegameke | matschigameke | matschirujegameke | melirugameke | mujajameke | muki cuneameke | mukiiatiameke | mukijameke | nalsiameke | nassiameke | neteijameke | ossanaguoameke | otisherameke | pauguirugameke | pitschaburameke | polirugameke | potschirugameke | pougua nasseameke | pouguaca jumarugameke | repagatigameke | rolacameke | rosacameke | saateameke | schiojameke | schugiameke | schuguiameke | sikirugameke | ta bassigameke | ta mahajameke | ta matschigameke | ta mukilatiameke | ta pagotugameke | ta sapeameke | ta schuguiameke | tamatischigameke | tanarugameke | taragameke | taslo upeameke | tehimeameke | tele uliameke | telegatigameke | tepagatigameke | tepulirugameke | tessiguajameke | tlestatacameke | tlestataccameke | tosacameke | tsainijolajameke | tsanijameke | tschapirugameke | tschiperameke | tschipugameke | tschirulameke | tschitschiameke | tschitulameke | tschulugeameke | tschutarugameke | tschutscheliameke | tsetijolajameke | tsetijolameke | tutschirugameke | meke,False
RHD-GFAM-00004,RHD-RREC-000004,repagameke,Repágameke | repágameke,Blitzen | Glänzend | Leuchten | Leuchtend,4,79,repagatigameke | haagameke | taragameke | reguameke | cusigameke | parugameke | coajameke | lesiameke | ogajameke | pahiameke | peguameke | saaeameke | sapeameke | seliameke | stacameke | uelameke | upeameke | veniameke | kachkagameke | baicarugameke | bassirugameke | bulirugameke | gabassirugameke | gassirugameke | guauguerugameke | holirugameke | hulirugameke | ipagatugameke | jolarugameke | juma guetsi gatigameke | jumamatsigameke | jumanamatschigameke | jumarugameke | matichirujegameke | matschigameke | matschirujegameke | melirugameke | pagorugameke | pagotugameke | pauguirugameke | polirugameke | potschirugameke | pouguaca jumarugameke | sikirugameke | ta bassigameke | ta matschigameke | ta pagotugameke | tamatischigameke | tanarugameke | telegatigameke | tepagatigameke | tepulirugameke | tschapirugameke | tschipugameke | tschutarugameke | tutschirugameke | ajonameke | bajeameke | bucuameke | culeameke | culuameke | cuneameke | guelameke | honeameke | humeameke | igueameke | mujameke | mukiameke | mukuameke | ogueameke | sakiameke | samiameke | satiameke | simiameke | sriameke | tameke | thulameke | meke | temeke,False
RHD-GFAM-00005,RHD-RREC-000028,jolarugameke,Jolárugameke | jolarúgameke,Machen | Thun,2,71,jumarugameke | holirugameke | polirugameke | parugameke | tanarugameke | bulirugameke | hulirugameke | melirugameke | jolajameke | baicarugameke | pagorugameke | sikirugameke | taragameke | pouguaca jumarugameke | tschutarugameke | bassirugameke | gabassirugameke | gassirugameke | guauguerugameke | pauguirugameke | potschirugameke | tepulirugameke | tschapirugameke | tutschirugameke | ipagatugameke | pagotugameke | ta pagotugameke | tschipugameke | cusigameke | haagameke | repagameke | ajonameke | bajeameke | bucuameke | coajameke | culeameke | culuameke | cuneameke | guelameke | honeameke | humeameke | igueameke | lesiameke | mujameke | mukiameke | mukuameke | ogajameke | ogueameke | pahiameke | peguameke | reguameke | saaeameke | sakiameke | samiameke | sapeameke | satiameke | seliameke | simiameke | sriameke | stacameke | tameke | thulameke | uelameke | upeameke | veniameke | jola | jolaboa | jolago | jolali | meke | temeke,False
RHD-GFAM-00006,RHD-RREC-000017,polirugameke,Polirúgameke,Bedecken | Decken,2,67,holirugameke | bulirugameke | hulirugameke | melirugameke | jolarugameke | tepulirugameke | sikirugameke | pagorugameke | parugameke | potschirugameke | pauguirugameke | bassirugameke | gassirugameke | jumarugameke | tanarugameke | pagotugameke | gabassirugameke | tschapirugameke | tutschirugameke | baicarugameke | guauguerugameke | pouguaca jumarugameke | tschutarugameke | ipagatugameke | ta pagotugameke | tschipugameke | cusigameke | haagameke | poliruc | repagameke | taragameke | ajonameke | bajeameke | bucuameke | coajameke | culeameke | culuameke | cuneameke | guelameke | honeameke | humeameke | igueameke | lesiameke | mujameke | mukiameke | mukuameke | ogajameke | ogueameke | pahiameke | peguameke | reguameke | saaeameke | sakiameke | samiameke | sapeameke | satiameke | seliameke | simiameke | sriameke | stacameke | tameke | thulameke | uelameke | upeameke | veniameke | meke | temeke,False
RHD-GFAM-00007,RHD-RREC-000034,pagorugameke,Pagorúgameke,Abwaſchen | Getauft,2,66,pagotugameke | parugameke | pauguirugameke | ipagatugameke | polirugameke | tanarugameke | ta pagotugameke | baicarugameke | bassirugameke | gassirugameke | bulirugameke | holirugameke | hulirugameke | jolarugameke | jumarugameke | melirugameke | sikirugameke | taragameke | peguameke | gabassirugameke | guauguerugameke | potschirugameke | pouguaca jumarugameke | tepulirugameke | tschapirugameke | tschutarugameke | tutschirugameke | tschipugameke | cusigameke | haagameke | repagameke | ajonameke | bajeameke | bucuameke | coajameke | culeameke | culuameke | cuneameke | guelameke | honeameke | humeameke | igueameke | lesiameke | mujameke | mukiameke | mukuameke | ogajameke | ogueameke | pahiameke | reguameke | saaeameke | sakiameke | samiameke | sapeameke | satiameke | seliameke | simiameke | sriameke | stacameke | tameke | thulameke | uelameke | upeameke | veniameke | meke | temeke,False
RHD-GFAM-00008,RHD-RREC-000029,tschitulameke,Tſchitulámeke | tſchitúlameke,Kugelförmig | Rund,2,65,tschirulameke | tschipugameke | tschiperameke | tschucuameke | tschitula | thulameke | cavolameke | guelameke | tschitschi | tschitsula | uelameke | ajonameke | bajeameke | bucuameke | coajameke | culeameke | culuameke | cuneameke | haagameke | honeameke | humeameke | igueameke | lesiameke | mujameke | mukiameke | mukuameke | ogajameke | ogueameke | pahiameke | peguameke | reguameke | saaeameke | sakiameke | samiameke | sapeameke | satiameke | seliameke | simiameke | sriameke | stacameke | tameke | tschicula | tschiculi | tschie | tschigo | tschimoli | tschinaca | tschini | tschipu | tschipusi | tschiri | tschirula | tschivi | upeameke | veniameke | meke | temeke | tscha | tschaa | tschaca | tschapi | tschepi | tschoche | tschucu | tschuta,False
RHD-GFAM-00009,RHD-RREC-000035,bassujameke,Baſſujameke | baſſújameke,Heiß | Sieden,2,62,bassirujameke | bassiameke | bassirugameke | bassatiameke | najujameke | mujameke | mahajameke | bajeameke | bucuameke | coajameke | cocojameke | itschiguajameke | jolajameke | jumajumajameke | loguijameke | mujajameke | mukijameke | neteijameke | netejameke | ogajameke | schiojameke | ta mahajameke | tessiguajameke | tsainijolajameke | tsanijameke | tsetijolajameke | ajonameke | bassu | culeameke | culuameke | cuneameke | guelameke | haagameke | honeameke | humeameke | igueameke | lesiameke | mukiameke | mukuameke | ogueameke | pahiameke | peguameke | reguameke | saaeameke | sakiameke | samiameke | sapeameke | satiameke | seliameke | simiameke | sriameke | stacameke | tameke | thulameke | uelameke | upeameke | veniameke | bassa | bassara | basselo | meke | temeke,False
RHD-GFAM-00010,RHD-RREC-000044,tschepi,Tſchepi,Anfaſſen | Ergreifen,2,61,tschapi | tschini | tschipu | tschiri | tschivi | tschipusi | tschapiruc | tscha | tschaa | tschaca | tschie | tschigo | tschucu | tschuta | tschapeke | tschiculi | tschimoli | tschomali | tschumila | tschoche | tschecemeke | tschachaca | tschacheaca | tschapiboli | tschapirugameke | tschichi pilaca | tschichpiopa | tschichpipoa | tschicoliki | tschicotschi | tschicula | tschinaca | tschiperameke | tschipugameke | tschirula | tschirulameke | tschitschi | tschitschiameke | tschitschigua | tschitschimoco | tschitsula | tschitula | tschitulameke | tschivavoli | tschochco | tschorike pauguila | tschotschona | tschotschonala | tschougua | tschucuameke | tschucucu | tschulugeameke | tschulugui | tschuluguitsi | tschusigua | tschutarugameke | tschutscha | tschutscheliameke | tschutschelila | tschutschi | tschutschu,False
RHD-GFAM-00011,RHD-RREC-000023,mujajameke,Mujájameke,Roſt | Roſtig,2,59,mujameke | mahajameke | mukijameke | coajameke | jolajameke | ogajameke | najujameke | mukiameke | mukuameke | cocojameke | netejameke | ajonameke | bajeameke | bucuameke | culeameke | culuameke | cuneameke | guelameke | haagameke | humeameke | saaeameke | stacameke | uelameke | upeameke | itschiguajameke | jumajumajameke | ta mahajameke | tessiguajameke | tsainijolajameke | tsetijolajameke | bassirujameke | bassujameke | loguijameke | neteijameke | schiojameke | tsanijameke | honeameke | igueameke | lesiameke | ogueameke | pahiameke | peguameke | reguameke | sakiameke | samiameke | sapeameke | satiameke | seliameke | simiameke | sriameke | tameke | thulameke | veniameke | meke | muja | mujaba | mujaca | mujala | temeke,False
RHD-GFAM-00012,RHD-RREC-000016,cocojameke,Cocojameke | Cocojámeke,Krank | Sieh,2,58,coajameke | schiojameke | jolajameke | ogajameke | loguijameke | mahajameke | mujajameke | mujameke | mukijameke | najujameke | netejameke | ajonameke | bucuameke | culeameke | culuameke | cuneameke | honeameke | ogueameke | bassirujameke | bassujameke | itschiguajameke | jumajumajameke | neteijameke | ta mahajameke | tessiguajameke | tsainijolajameke | tsanijameke | tsetijolajameke | bajeameke | guelameke | haagameke | humeameke | igueameke | lesiameke | mukiameke | mukuameke | pahiameke | peguameke | reguameke | saaeameke | sakiameke | samiameke | sapeameke | satiameke | seliameke | simiameke | sriameke | stacameke | tameke | thulameke | uelameke | upeameke | veniameke | cocola | cocoli | cocoruje | meke | temeke,False
RHD-GFAM-00013,RHD-RREC-000033,ta pagotugameke,Tà pagotúgameke | Tá pagótugameke,Heide | Ungewaſchen,2,57,pagotugameke | ipagatugameke | pagorugameke | baicarugameke | bassirugameke | bulirugameke | gassirugameke | holirugameke | hulirugameke | jolarugameke | jumarugameke | melirugameke | parugameke | polirugameke | sikirugameke | tanarugameke | tschipugameke | cusigameke | haagameke | repagameke | taragameke | ajonameke | bajeameke | bucuameke | coajameke | culeameke | culuameke | cuneameke | guelameke | honeameke | humeameke | igueameke | lesiameke | mujameke | mukiameke | mukuameke | ogajameke | ogueameke | pahiameke | peguameke | reguameke | saaeameke | sakiameke | samiameke | sapeameke | satiameke | seliameke | simiameke | sriameke | stacameke | tameke | thulameke | uelameke | upeameke | veniameke | meke | temeke,False
RHD-GFAM-00014,RHD-RREC-000002,loguiameke,Loguiameke,Raſen | Unſinnig | Wahnſinnig | Wüthig,4,56,cuguiameke | ogueameke | loguijameke | lesiameke | lessiameke | igueameke | ogajameke | peguameke | reguameke | schuguiameke | schugiameke | bassiameke | mukiameke | nalsiameke | nassiameke | pahiameke | sakiameke | samiameke | satiameke | seliameke | simiameke | sriameke | veniameke | bucuameke | coajameke | culuameke | guelameke | honeameke | mujameke | mukuameke | thulameke | ta schuguiameke | bassatiameke | galatsaneliameke | ganeliameke | ibe motschiameke | mukiiatiameke | ta mukilatiameke | tele uliameke | tschitschiameke | tschutscheliameke | ajonameke | bajeameke | culeameke | cuneameke | haagameke | humeameke | logui | saaeameke | sapeameke | stacameke | tameke | uelameke | upeameke | meke | temeke,False
RHD-GFAM-00015,RHD-RREC-000037,nalsiameke,Nalſiameke,Sorglos | Trag,2,55,nassiameke | bassiameke | lesiameke | lessiameke | pahiameke | sakiameke | samiameke | satiameke | seliameke | bassatiameke | ganeliameke | cuguiameke | loguiameke | mukiameke | simiameke | sriameke | veniameke | ajonameke | bajeameke | culeameke | culuameke | haagameke | saaeameke | sapeameke | uelameke | galatsaneliameke | ibe motschiameke | mukiiatiameke | schugiameke | schuguiameke | ta mukilatiameke | ta schuguiameke | tele uliameke | tschitschiameke | tschutscheliameke | bucuameke | coajameke | cuneameke | guelameke | honeameke | humeameke | igueameke | mujameke | mukuameke | nalsinaja | ogajameke | ogueameke | peguameke | reguameke | stacameke | tameke | thulameke | upeameke | meke | temeke,False
RHD-GFAM-00016,RHD-RREC-000010,schuguiameke,Schuguiameke | ſchuguiameke,Todtſeyn | Verzehren | Verſtorben,3,50,schugiameke | cuguiameke | ta schuguiameke | tschucuameke | loguiameke | culuameke | schugui | bassiameke | ganeliameke | lesiameke | lessiameke | mukiameke | nalsiameke | nassiameke | pahiameke | sakiameke | samiameke | satiameke | schugua | seliameke | simiameke | sriameke | veniameke | ajonameke | bajeameke | bucuameke | coajameke | culeameke | cuneameke | guelameke | haagameke | honeameke | humeameke | igueameke | mujameke | mukuameke | ogajameke | ogueameke | peguameke | reguameke | saaeameke | sapeameke | stacameke | tameke | thulameke | uelameke | upeameke | meke | schula | temeke,False
RHD-GFAM-00017,RHD-RREC-000024,paca,Páca,Kraut | Stroh,2,37,sapaca | uipaca | baca | laca | paa | para | peraca | acaca | ataca | elaca | guaca | kiaca | baica | taica | racha | kacac | hoca | oca | pahi | pali | s-ca | teca | bala | gala | haa | lala | maga | maha | naja | napa | poa | pua | rana | tala | tana | tara | rachpe sapaca,False
RHD-GFAM-00018,RHD-RREC-000025,tschitula,Tſchitúla,Kreis | Umkreis,2,36,tschitsula | tschicula | tschirula | tschiculi | tschitulameke | tschimoli | tschinaca | tschipu | tschipusi | tschuta | tschitschi | tschie | tschigo | tschini | tschiri | tschivi | sutula | tscha | tschaa | tschaca | tschucu | tschitschiameke | tschitschigua | tschitschimoco | tschichi pilaca | tschichpiopa | tschichpipoa | tschicoliki | tschicotschi | tschiperameke | tschipugameke | tschirulameke | tschivavoli | tschapi | tschepi | tschoche,False
RHD-GFAM-00019,RHD-RREC-000021,pepuliki,pepuliki,Fleiſch,2,30,kepaliki | pemoliki | muliki | bealiki | jelaliki | keliki | pataliki | pavoliki | temaliki | cauguliki | pauvoliki | caliki | kioliki | noliki | taliki | taraliki | ganileliki | hosseliki | jejegaliki | jumagaliki | jumagualiki | naguo pamivaliki | pamivaliki | pichicoliki | racheliki | raugueliki | sineyi pamivaliki | tsainajoliki | tsainijoliki | tschicoliki,False
RHD-GFAM-00020,RHD-RREC-000020,naja,Najá | naja,Lang | Sonſt,2,28,najasi | napa | nacoja | nagua | muja | nape | baca | bala | gala | haa | laca | lala | maga | maha | nola | nula | paa | paca | para | rana | tala | tana | tara | baje | raje | taje | nalsinaja | nassinaja,False
RHD-GFAM-00021,RHD-RREC-000003,tschutscha,Tſchutſchá | Tſchutſchä,Einſalben | Einſchmieren | Salben | Schmieren,4,27,tschutschi | tschutschu | tscha | tschitschi | tschotschona | tschutschelila | tschuta | echtscha | mutscha | putscha | tschucu | tschucucu | tschumila | tschaca | tschoche | tschutscheliameke | tschutarugameke | pitscha | tschaa | tschapi | tschepi | tschie | tschigo | tschini | tschipu | tschiri | tschivi,False
RHD-GFAM-00022,RHD-RREC-000008,buila,Buila,Schlinge | Strang | Strick,3,25,suila | uila | aguila | bula | mukila | guilma | ekila | upila | bala | balla | batla | bura | guala | hula | mula | nula | baica | uili | cuguila | hoguila | cauguila | jauguila | pauguila | cato guila | tschorike pauguila,False
RHD-GFAM-00023,RHD-RREC-000014,tutschi,Tutſchi,Zerquetſchen | Zerreiben | Zerſtoßen,3,24,totschi | atschi | cotschi | matschi | motschi | netschi | potschi | mutscha | putscha | putsche | tschutschi | cajutschi | vassutschi | tschitschi | cajatschi | cocotschi | cojatschi | colatschi | tutschirugameke | bacalatschi | cambolatschi | passatschi | tschicotschi | vassuritschi,False
RHD-GFAM-00024,RHD-RREC-000027,cajutschi,Cajútschi,Pferd | Roß,2,20,cajatschi | cojatschi | vassutschi | tutschi | atschi | cocotschi | colatschi | cotschi | matschi | bacalatschi | tschutschi | passatschi | motschi | netschi | potschi | totschi | cambolatschi | tschicotschi | tschitschi | vassuritschi,False
RHD-GFAM-00025,RHD-RREC-000015,jumagualiki,Jumaguáliki,Faſttag | Feſttag,2,18,jumagaliki | jumagua | bealiki | caliki | jelaliki | kepaliki | pataliki | taliki | taraliki | temaliki | juma | keliki | kioliki | muliki | noliki | pavoliki | pemoliki | pepuliki,False
RHD-GFAM-00026,RHD-RREC-000007,tsainajoliki,Tſainajolíki | Tſainájoliki | Tſainájolíki,Miſſethat | Schuld | Verbrechen,3,17,tsainijoliki | kioliki | noliki | pauvoliki | pavoliki | pemoliki | bealiki | caliki | jelaliki | keliki | kepaliki | muliki | pataliki | pepuliki | taliki | taraliki | temaliki,False
RHD-GFAM-00027,RHD-RREC-000046,batla,Batlá,Vor | Voraus,2,16,batsa | bala | balla | tatela | notla | baca | baica | bassa | buila | bula | gala | lala | tala | katlo | tatlo | batla ne nagua,False
RHD-GFAM-00028,RHD-RREC-000018,pigue,Pigué,Beichten | Bekennen,2,15,igue | pugue | opirue | puguee | cugue | gue | ogue | regue | pile | pegua | igua | naligue | piguaca | piguelila | ta ne pigue,False
RHD-GFAM-00029,RHD-RREC-000047,teeke,Teéke,Klippe | Stein,2,14,temeke | teeje | tegueke | tameke | telebe | eke | gueke | keke | meke | teea | teeja | euke | tele | tsele,False
RHD-GFAM-00030,RHD-RREC-000011,jeki,Jeki | Jekí,Begeben | Ereignen | Geſchehen,3,13,eki | jiki | juki | iki | jeje | jela | muki | noki | juku | seli | eke | keke | meke,False
RHD-GFAM-00031,RHD-RREC-000009,naguessa,Nagueſſá,Andeuten | Ankündigen | Melden,3,13,naguesla | naguossa | guessa | naguella | naguossani | ossanaguessa | naguossaeki | nagua | naguosani | naguoco | kimacoessa | naguabahi | naguo pamivaliki,False
RHD-GFAM-00032,RHD-RREC-000022,nulalila,Nulálila,Befehl | Gebot,2,12,nulalilla | sulelila | nula | pilila | macoek nulalila | macoeke nulalila | atschilelila | matschirujelila | pignelila | piguelila | tehoje muki tschapirujelila | tschutschelila,False
RHD-GFAM-00033,RHD-RREC-000030,tessiguala,Teſſiguala | Teſſiguála,Kummer | Schmerz,2,12,telsiguala | tselsiguala | tessigua | tessiguati | soiguala | coiguala | reguala | reteguala | tessiguajameke | guala | halaguala | r-guala,False
RHD-GFAM-00034,RHD-RREC-000026,cunala,Cunála,Ehemann | Gemahl,2,10,cuna | cuvala | cugnila | guala | mujala | sulala | ulala | canapa | runana | tschotschonala,False
RHD-GFAM-00035,RHD-RREC-000039,hoco,Hóco,Bohren | Graben,2,10,hoca | roco | soco | toco | hoje | colo | como | nono | poio | oca,False
RHD-GFAM-00036,RHD-RREC-000036,nachpisoco,Nachpiſóco,Aſche | Staub,2,10,nachpiloco | guechpisoco | nachpigua | nachpigualeke | nachpiguamela | guitsoco | nachcala | nachki | nachkibi | soco,False
RHD-GFAM-00037,RHD-RREC-000019,piguelila,Piguelilá,Beichte | Bekenntniß,2,10,pignelila | pilila | pigue | sulelila | piguaca | atschilelila | matschirujelila | tehoje muki tschapirujelila | tschutschelila | nulalila,False
RHD-GFAM-00038,RHD-RREC-000005,cauguiki,Cauguiki | Caugúiki | cauguiki,Einöde | Wald | Wüſte,3,9,cauguliki | pauguiki | sauguiki | cauguila | cauguilu | mahaguiki | guiki | reguiguiki | eratschic guiki,False
RHD-GFAM-00039,RHD-RREC-000001,tseti,Tſeti | Tſetí | tſetí,Bös | Laſter | Laſterhaft | Uebel | Unrecht,5,8,tleti | tseli | tsele | tsani | seli | tsetijola | tsetijolajameke | tsetijolameke,False
RHD-GFAM-00040,RHD-RREC-000042,sopoli,Sopoli | Sopóli,Geſtirn | Stern,2,7,sapoli | tepoli | cocoli | sevoli | toroli | totoli | tselisapoli,False
RHD-GFAM-00041,RHD-RREC-000012,tessiguati,Teſſiguati,Arm | Kraftlos | Verunglückt,3,7,teisiguati | telsiguati | tselsiguati | tessigua | tessiguala | telsivuati | tessiguajameke,False
RHD-GFAM-00042,RHD-RREC-000032,cassiniki,Caſſiniki | Caſſiníki,Scherben | Zerbrechen,2,6,gassiniki | caisiniki | cassini | puaniki | pujaniki | pulaniki,False
RHD-GFAM-00043,RHD-RREC-000045,pemole,Pemolé,Dunſt | Dünſten,2,5,peimole | mole | pole | pejote | pemoliki,False
RHD-GFAM-00044,RHD-RREC-000040,simiba,Simiba | ſimíba,Gehen | Zügen,2,5,simibe | simi | simigo | cugue simiba | simiameke,False
RHD-GFAM-00045,RHD-RREC-000013,tajenaba,Tajenaba | Tajénaba | tajenába,Hell | Licht | Morgen,3,4,tajena | cajenapa | tajenasago | taje,False
RHD-GFAM-00046,RHD-RREC-000041,tapaco,Tapáco,Geſtern | Morgen,2,3,tapeco | tabano | sapaca,False
RHD-GFAM-00047,RHD-RREC-000038,tepigaca,Tepigacá | Tepigáca,Meſſer | Schermeſſer,2,1,tepulaca,False
