occurrence_id,record_id,printed_page,headword_component_diplomatic,graphic_key,occurrence_within_component,grapheme,start_index,position,preceding_character,following_character,following_class,eligible_for_reported_vowel_distribution,merrill_distribution_check,status,automatic_phonological_interpretation,automatic_sound_correspondence_inference,human_reviewed
RHD-AFF-OCC-00001,RHD-S1809-00030,353,Acatsi,acatsi,1,ts,3,medial,a,i,vowel_i,True,compatible_with_reported_medial_free_variation,machine_graphemic_inventory_only,False,False,False
RHD-AFF-OCC-00002,RHD-S1809-01654,354,Apatſche,apatsche,1,tsch,3,medial,a,e,vowel_e,True,compatible_with_reported_medial_free_variation,machine_graphemic_inventory_only,False,False,False
RHD-AFF-OCC-00003,RHD-S1809-00038,354,Atſchi,atschi,1,tsch,1,medial,a,i,vowel_i,True,compatible_with_reported_medial_free_variation,machine_graphemic_inventory_only,False,False,False
RHD-AFF-OCC-00004,RHD-S1809-01658,354,Atſchilélila,atschilelila,1,tsch,1,medial,a,i,vowel_i,True,compatible_with_reported_medial_free_variation,machine_graphemic_inventory_only,False,False,False
RHD-AFF-OCC-00005,RHD-S1809-01661,354,Bacalátſchi,bacalatschi,1,tsch,6,medial,a,i,vowel_i,True,compatible_with_reported_medial_free_variation,machine_graphemic_inventory_only,False,False,False
RHD-AFF-OCC-00006,RHD-S1809-01673,354,Atſác,atsac,1,ts,1,medial,a,a,vowel_a,True,compatible_with_reported_medial_free_variation,machine_graphemic_inventory_only,False,False,False
RHD-AFF-OCC-00007,RHD-S1809-01681,354,Batſá,batsa,1,ts,2,medial,a,a,vowel_a,True,compatible_with_reported_medial_free_variation,machine_graphemic_inventory_only,False,False,False
RHD-AFF-OCC-00008,RHD-S1809-01682,354,Batſabe,batsabe,1,ts,2,medial,a,a,vowel_a,True,compatible_with_reported_medial_free_variation,machine_graphemic_inventory_only,False,False,False
RHD-AFF-OCC-00009,RHD-S1809-01707,355,Cajatſchi,cajatschi,1,tsch,4,medial,a,i,vowel_i,True,compatible_with_reported_medial_free_variation,machine_graphemic_inventory_only,False,False,False
RHD-AFF-OCC-00010,RHD-S1809-01710,355,Calitſchiki,calitschiki,1,tsch,4,medial,i,i,vowel_i,True,compatible_with_reported_medial_free_variation,machine_graphemic_inventory_only,False,False,False
RHD-AFF-OCC-00011,RHD-S1809-01711,355,Cambolatſchi,cambolatschi,1,tsch,7,medial,a,i,vowel_i,True,compatible_with_reported_medial_free_variation,machine_graphemic_inventory_only,False,False,False
RHD-AFF-OCC-00012,RHD-S1809-01729,355,Cocotſchi,cocotschi,1,tsch,4,medial,o,i,vowel_i,True,compatible_with_reported_medial_free_variation,machine_graphemic_inventory_only,False,False,False
RHD-AFF-OCC-00013,RHD-S1809-01731,355,Cojatſchi,cojatschi,1,tsch,4,medial,a,i,vowel_i,True,compatible_with_reported_medial_free_variation,machine_graphemic_inventory_only,False,False,False
RHD-AFF-OCC-00014,RHD-S1809-01736,355,Colatſchi,colatschi,1,tsch,4,medial,a,i,vowel_i,True,compatible_with_reported_medial_free_variation,machine_graphemic_inventory_only,False,False,False
RHD-AFF-OCC-00015,RHD-S1809-01744,355,Cotſchi,cotschi,1,tsch,2,medial,o,i,vowel_i,True,compatible_with_reported_medial_free_variation,machine_graphemic_inventory_only,False,False,False
RHD-AFF-OCC-00016,RHD-S1809-01745,355,Cotſchiki,cotschiki,1,tsch,2,medial,o,i,vowel_i,True,compatible_with_reported_medial_free_variation,machine_graphemic_inventory_only,False,False,False
RHD-AFF-OCC-00017,RHD-S1809-01746,355,Cotſchimé,cotschime,1,tsch,2,medial,o,i,vowel_i,True,compatible_with_reported_medial_free_variation,machine_graphemic_inventory_only,False,False,False
RHD-AFF-OCC-00018,RHD-S1809-01747,355,Cotſchimeameke,cotschimeameke,1,tsch,2,medial,o,i,vowel_i,True,compatible_with_reported_medial_free_variation,machine_graphemic_inventory_only,False,False,False
RHD-AFF-OCC-00019,RHD-S1809-01749,356,Cucútſchigua,cucutschigua,1,tsch,4,medial,u,i,vowel_i,True,compatible_with_reported_medial_free_variation,machine_graphemic_inventory_only,False,False,False
RHD-AFF-OCC-00020,RHD-S1809-01764,356,Cutsi,cutsi,1,ts,2,medial,u,i,vowel_i,True,compatible_with_reported_medial_free_variation,machine_graphemic_inventory_only,False,False,False
RHD-AFF-OCC-00021,RHD-S1809-01765,356,Cútſchigua,cutschigua,1,tsch,2,medial,u,i,vowel_i,True,compatible_with_reported_medial_free_variation,machine_graphemic_inventory_only,False,False,False
RHD-AFF-OCC-00022,RHD-S1809-01766,356,Cutſchiki,cutschiki,1,tsch,2,medial,u,i,vowel_i,True,compatible_with_reported_medial_free_variation,machine_graphemic_inventory_only,False,False,False
RHD-AFF-OCC-00023,RHD-S1809-01771,356,Echtſchá,echtscha,1,tsch,3,medial,h,a,vowel_a,True,compatible_with_reported_medial_free_variation,machine_graphemic_inventory_only,False,False,False
RHD-AFF-OCC-00024,RHD-S1809-01773,356,Echtſchiruc,echtschiruc,1,tsch,3,medial,h,i,vowel_i,True,compatible_with_reported_medial_free_variation,machine_graphemic_inventory_only,False,False,False
RHD-AFF-OCC-00025,RHD-S1809-01777,356,Etſchaguala,etschaguala,1,tsch,1,medial,e,a,vowel_a,True,compatible_with_reported_medial_free_variation,machine_graphemic_inventory_only,False,False,False
RHD-AFF-OCC-00026,RHD-S1809-01778,356,Etschaguóameke,etschaguoameke,1,tsch,1,medial,e,a,vowel_a,True,compatible_with_reported_medial_free_variation,machine_graphemic_inventory_only,False,False,False
RHD-AFF-OCC-00027,RHD-S1809-01781,356,Ekítschipí,ekitschipi,1,tsch,3,medial,i,i,vowel_i,True,compatible_with_reported_medial_free_variation,machine_graphemic_inventory_only,False,False,False
RHD-AFF-OCC-00028,RHD-S1809-01793,356,Etschubú,etschubu,1,tsch,1,medial,e,u,vowel_u,True,compatible_with_reported_medial_free_variation,machine_graphemic_inventory_only,False,False,False
RHD-AFF-OCC-00029,RHD-S1809-01829,357,Guarátscha,guaratscha,1,tsch,5,medial,a,a,vowel_a,True,compatible_with_reported_medial_free_variation,machine_graphemic_inventory_only,False,False,False
RHD-AFF-OCC-00030,RHD-S1809-01832,357,Guatschíki,guatschiki,1,tsch,3,medial,a,i,vowel_i,True,compatible_with_reported_medial_free_variation,machine_graphemic_inventory_only,False,False,False
RHD-AFF-OCC-00031,RHD-S1809-01833,357,Guatschó,guatscho,1,tsch,3,medial,a,o,vowel_o,True,compatible_with_reported_medial_free_variation,machine_graphemic_inventory_only,False,False,False
RHD-AFF-OCC-00032,RHD-S1809-01838,357,Guechtsáca,guechtsaca,1,ts,5,medial,h,a,vowel_a,True,compatible_with_reported_medial_free_variation,machine_graphemic_inventory_only,False,False,False
RHD-AFF-OCC-00033,RHD-S1809-01839,357,Guechtschíc,guechtschic,1,tsch,5,medial,h,i,vowel_i,True,compatible_with_reported_medial_free_variation,machine_graphemic_inventory_only,False,False,False
RHD-AFF-OCC-00034,RHD-S1809-01841,357,Guechtsíki,guechtsiki,1,ts,5,medial,h,i,vowel_i,True,compatible_with_reported_medial_free_variation,machine_graphemic_inventory_only,False,False,False
RHD-AFF-OCC-00035,RHD-S1809-01848,357,Guenomèatſi,guenomeatsi,1,ts,8,medial,a,i,vowel_i,True,compatible_with_reported_medial_free_variation,machine_graphemic_inventory_only,False,False,False
RHD-AFF-OCC-00036,RHD-S1809-01857,357,Guitſchiki,guitschiki,1,tsch,3,medial,i,i,vowel_i,True,compatible_with_reported_medial_free_variation,machine_graphemic_inventory_only,False,False,False
RHD-AFF-OCC-00037,RHD-S1809-01858,357,Guitſchila,guitschila,1,tsch,3,medial,i,i,vowel_i,True,compatible_with_reported_medial_free_variation,machine_graphemic_inventory_only,False,False,False
RHD-AFF-OCC-00038,RHD-S1809-01868,357,Haleséatschic,haleseatschic,1,tsch,7,medial,a,i,vowel_i,True,compatible_with_reported_medial_free_variation,machine_graphemic_inventory_only,False,False,False
RHD-AFF-OCC-00039,RHD-S1809-01868,357,Hareséatschic,hareseatschic,1,tsch,7,medial,a,i,vowel_i,True,compatible_with_reported_medial_free_variation,machine_graphemic_inventory_only,False,False,False
RHD-AFF-OCC-00040,RHD-S1809-01874,358,Hatſca,hatsca,1,ts,2,medial,a,c,nonvowel,False,outside_simple_reported_vowel_distribution,machine_graphemic_inventory_only,False,False,False
RHD-AFF-OCC-00041,RHD-S1809-01898,358,Hotſchila,hotschila,1,tsch,2,medial,o,i,vowel_i,True,compatible_with_reported_medial_free_variation,machine_graphemic_inventory_only,False,False,False
RHD-AFF-OCC-00042,RHD-S1809-01916,358,Ichetſo,ichetso,1,ts,4,medial,e,o,vowel_o,True,compatible_with_reported_medial_free_variation,machine_graphemic_inventory_only,False,False,False
RHD-AFF-OCC-00043,RHD-S1809-01928,359,Ikitsiki,ikitsiki,1,ts,3,medial,i,i,vowel_i,True,compatible_with_reported_medial_free_variation,machine_graphemic_inventory_only,False,False,False
RHD-AFF-OCC-00044,RHD-S1809-00044,359,Inoitſá,inoitsa,1,ts,4,medial,i,a,vowel_a,True,compatible_with_reported_medial_free_variation,machine_graphemic_inventory_only,False,False,False
RHD-AFF-OCC-00045,RHD-S1809-00045,359,Inoitſamela,inoitsamela,1,ts,4,medial,i,a,vowel_a,True,compatible_with_reported_medial_free_variation,machine_graphemic_inventory_only,False,False,False
RHD-AFF-OCC-00046,RHD-S1809-01930,359,Inoitſánali,inoitsanali,1,ts,4,medial,i,a,vowel_a,True,compatible_with_reported_medial_free_variation,machine_graphemic_inventory_only,False,False,False
RHD-AFF-OCC-00047,RHD-S1809-01933,359,Itschiguá,itschigua,1,tsch,1,medial,i,i,vowel_i,True,compatible_with_reported_medial_free_variation,machine_graphemic_inventory_only,False,False,False
RHD-AFF-OCC-00048,RHD-S1809-01934,359,Itſchiguájameke,itschiguajameke,1,tsch,1,medial,i,i,vowel_i,True,compatible_with_reported_medial_free_variation,machine_graphemic_inventory_only,False,False,False
RHD-AFF-OCC-00049,RHD-S1809-01935,359,Itschiná,itschina,1,tsch,1,medial,i,i,vowel_i,True,compatible_with_reported_medial_free_variation,machine_graphemic_inventory_only,False,False,False
RHD-AFF-OCC-00050,RHD-S1809-01943,359,Jumá guetsí gatígameke,jumaguetsigatigameke,1,ts,7,medial,e,i,vowel_i,True,compatible_with_reported_medial_free_variation,machine_graphemic_inventory_only,False,False,False
RHD-AFF-OCC-00051,RHD-S1809-01944,359,Jumánamatschígameke,jumanamatschigameke,1,tsch,8,medial,a,i,vowel_i,True,compatible_with_reported_medial_free_variation,machine_graphemic_inventory_only,False,False,False
RHD-AFF-OCC-00052,RHD-S1809-01977,360,Kitſaóco,kitsaoco,1,ts,2,medial,i,a,vowel_a,True,compatible_with_reported_medial_free_variation,machine_graphemic_inventory_only,False,False,False
RHD-AFF-OCC-00053,RHD-S1809-01978,360,Kitsaóssa,kitsaossa,1,ts,2,medial,i,a,vowel_a,True,compatible_with_reported_medial_free_variation,machine_graphemic_inventory_only,False,False,False
RHD-AFF-OCC-00054,RHD-S1809-01979,360,Kitsópi,kitsopi,1,ts,2,medial,i,o,vowel_o,True,compatible_with_reported_medial_free_variation,machine_graphemic_inventory_only,False,False,False
RHD-AFF-OCC-00055,RHD-S1809-01981,360,Kuepútsela,kueputsela,1,ts,5,medial,u,e,vowel_e,True,compatible_with_reported_medial_free_variation,machine_graphemic_inventory_only,False,False,False
RHD-AFF-OCC-00056,RHD-S1809-01981,360,Kepútschela,keputschela,1,tsch,4,medial,u,e,vowel_e,True,compatible_with_reported_medial_free_variation,machine_graphemic_inventory_only,False,False,False
RHD-AFF-OCC-00057,RHD-S1809-02006,361,Matſchi,matschi,1,tsch,2,medial,a,i,vowel_i,True,compatible_with_reported_medial_free_variation,machine_graphemic_inventory_only,False,False,False
RHD-AFF-OCC-00058,RHD-S1809-02007,361,Matſchi,matschi,1,tsch,2,medial,a,i,vowel_i,True,compatible_with_reported_medial_free_variation,machine_graphemic_inventory_only,False,False,False
RHD-AFF-OCC-00059,RHD-S1809-02008,361,Matſchiſimi,matschisimi,1,tsch,2,medial,a,i,vowel_i,True,compatible_with_reported_medial_free_variation,machine_graphemic_inventory_only,False,False,False
RHD-AFF-OCC-00060,RHD-S1809-02019,361,Motsáca,motsaca,1,ts,2,medial,o,a,vowel_a,True,compatible_with_reported_medial_free_variation,machine_graphemic_inventory_only,False,False,False
RHD-AFF-OCC-00061,RHD-S1809-02020,361,Motschí,motschi,1,tsch,2,medial,o,i,vowel_i,True,compatible_with_reported_medial_free_variation,machine_graphemic_inventory_only,False,False,False
RHD-AFF-OCC-00062,RHD-S1809-02047,361,Mutſcha,mutscha,1,tsch,2,medial,u,a,vowel_a,True,compatible_with_reported_medial_free_variation,machine_graphemic_inventory_only,False,False,False
RHD-AFF-OCC-00063,RHD-S1809-02060,362,Nagótse,nagotse,1,ts,4,medial,o,e,vowel_e,True,compatible_with_reported_medial_free_variation,machine_graphemic_inventory_only,False,False,False
RHD-AFF-OCC-00064,RHD-S1809-02113,362,Netſchí,netschi,1,tsch,2,medial,e,i,vowel_i,True,compatible_with_reported_medial_free_variation,machine_graphemic_inventory_only,False,False,False
RHD-AFF-OCC-00065,RHD-S1809-02114,362,Netſchitaje,netschitaje,1,tsch,2,medial,e,i,vowel_i,True,compatible_with_reported_medial_free_variation,machine_graphemic_inventory_only,False,False,False
RHD-AFF-OCC-00066,RHD-S1809-02118,362,Noitsámela,noitsamela,1,ts,3,medial,i,a,vowel_a,True,compatible_with_reported_medial_free_variation,machine_graphemic_inventory_only,False,False,False
RHD-AFF-OCC-00067,RHD-S1809-00053,363,Paſſatſchi,passatschi,1,tsch,5,medial,a,i,vowel_i,True,compatible_with_reported_medial_free_variation,machine_graphemic_inventory_only,False,False,False
RHD-AFF-OCC-00068,RHD-S1809-02167,363,Petsímela,petsimela,1,ts,2,medial,e,i,vowel_i,True,compatible_with_reported_medial_free_variation,machine_graphemic_inventory_only,False,False,False
RHD-AFF-OCC-00069,RHD-S1809-02176,364,Pilépitso,pilepitso,1,ts,6,medial,i,o,vowel_o,True,compatible_with_reported_medial_free_variation,machine_graphemic_inventory_only,False,False,False
RHD-AFF-OCC-00070,RHD-S1809-02183,364,Pitschá,pitscha,1,tsch,2,medial,i,a,vowel_a,True,compatible_with_reported_medial_free_variation,machine_graphemic_inventory_only,False,False,False
RHD-AFF-OCC-00071,RHD-S1809-02184,364,Pitschabúrameke,pitschaburameke,1,tsch,2,medial,i,a,vowel_a,True,compatible_with_reported_medial_free_variation,machine_graphemic_inventory_only,False,False,False
RHD-AFF-OCC-00072,RHD-S1809-02186,364,Pitſchigé,pitschige,1,tsch,2,medial,i,i,vowel_i,True,compatible_with_reported_medial_free_variation,machine_graphemic_inventory_only,False,False,False
RHD-AFF-OCC-00073,RHD-S1809-02190,364,Potschí,potschi,1,tsch,2,medial,o,i,vowel_i,True,compatible_with_reported_medial_free_variation,machine_graphemic_inventory_only,False,False,False
RHD-AFF-OCC-00074,RHD-S1809-02192,364,Potſchiruc,potschiruc,1,tsch,2,medial,o,i,vowel_i,True,compatible_with_reported_medial_free_variation,machine_graphemic_inventory_only,False,False,False
RHD-AFF-OCC-00075,RHD-S1809-02193,364,Potſchirúgameke,potschirugameke,1,tsch,2,medial,o,i,vowel_i,True,compatible_with_reported_medial_free_variation,machine_graphemic_inventory_only,False,False,False
RHD-AFF-OCC-00076,RHD-S1809-02209,364,Putſché,putsche,1,tsch,2,medial,u,e,vowel_e,True,compatible_with_reported_medial_free_variation,machine_graphemic_inventory_only,False,False,False
RHD-AFF-OCC-00077,RHD-S1809-02212,364,Putschá,putscha,1,tsch,2,medial,u,a,vowel_a,True,compatible_with_reported_medial_free_variation,machine_graphemic_inventory_only,False,False,False
RHD-AFF-OCC-00078,RHD-S1809-02214,364,Putschíla,putschila,1,tsch,2,medial,u,i,vowel_i,True,compatible_with_reported_medial_free_variation,machine_graphemic_inventory_only,False,False,False
RHD-AFF-OCC-00079,RHD-S1809-02215,364,Putsé,putse,1,ts,2,medial,u,e,vowel_e,True,compatible_with_reported_medial_free_variation,machine_graphemic_inventory_only,False,False,False
RHD-AFF-OCC-00080,RHD-S1809-02226,364,Rachtábatsáboa,rachtabatsaboa,1,ts,8,medial,a,a,vowel_a,True,compatible_with_reported_medial_free_variation,machine_graphemic_inventory_only,False,False,False
RHD-AFF-OCC-00081,RHD-S1809-02256,365,Sacatſi,sacatsi,1,ts,4,medial,a,i,vowel_i,True,compatible_with_reported_medial_free_variation,machine_graphemic_inventory_only,False,False,False
RHD-AFF-OCC-00082,RHD-S1809-02303,366,Sulatschíc,sulatschic,1,tsch,4,medial,a,i,vowel_i,True,compatible_with_reported_medial_free_variation,machine_graphemic_inventory_only,False,False,False
RHD-AFF-OCC-00083,RHD-S1809-02314,366,Tá guetsí jomá,taguetsijoma,1,ts,5,medial,e,i,vowel_i,True,compatible_with_reported_medial_free_variation,machine_graphemic_inventory_only,False,False,False
RHD-AFF-OCC-00084,RHD-S1809-02377,367,Temotſatſchie,temotsatschie,1,ts,4,medial,o,a,vowel_a,True,compatible_with_reported_medial_free_variation,machine_graphemic_inventory_only,False,False,False
RHD-AFF-OCC-00085,RHD-S1809-02377,367,Temotſatſchie,temotsatschie,2,tsch,7,medial,a,i,vowel_i,True,compatible_with_reported_medial_free_variation,machine_graphemic_inventory_only,False,False,False
RHD-AFF-OCC-00086,RHD-S1809-02378,367,Tenibátſala,tenibatsala,1,ts,6,medial,a,a,vowel_a,True,compatible_with_reported_medial_free_variation,machine_graphemic_inventory_only,False,False,False
RHD-AFF-OCC-00087,RHD-S1809-02390,367,Tetsó,tetso,1,ts,2,medial,e,o,vowel_o,True,compatible_with_reported_medial_free_variation,machine_graphemic_inventory_only,False,False,False
RHD-AFF-OCC-00088,RHD-S1809-02391,367,Tetshóje,tetshoje,1,ts,2,medial,e,h,nonvowel,False,outside_simple_reported_vowel_distribution,machine_graphemic_inventory_only,False,False,False
RHD-AFF-OCC-00089,RHD-S1809-02392,367,Tetschóli,tetscholi,1,tsch,2,medial,e,o,vowel_o,True,compatible_with_reported_medial_free_variation,machine_graphemic_inventory_only,False,False,False
RHD-AFF-OCC-00090,RHD-S1809-02402,367,Tſchigó,tschigo,1,tsch,0,initial,,i,vowel_i,True,compatible_with_reported_initial_distribution,machine_graphemic_inventory_only,False,False,False
RHD-AFF-OCC-00091,RHD-S1809-02406,367,Tótschi,totschi,1,tsch,2,medial,o,i,vowel_i,True,compatible_with_reported_medial_free_variation,machine_graphemic_inventory_only,False,False,False
RHD-AFF-OCC-00092,RHD-S1809-02408,367,Tſani,tsani,1,ts,0,initial,,a,vowel_a,True,compatible_with_reported_initial_free_variation,machine_graphemic_inventory_only,False,False,False
RHD-AFF-OCC-00093,RHD-S1809-02409,367,Tſanijolá,tsanijola,1,ts,0,initial,,a,vowel_a,True,compatible_with_reported_initial_free_variation,machine_graphemic_inventory_only,False,False,False
RHD-AFF-OCC-00094,RHD-S1809-02409,367,beſſer tſainijolá,bessertsainijola,1,ts,6,medial,r,a,vowel_a,True,compatible_with_reported_medial_free_variation,machine_graphemic_inventory_only,False,False,False
RHD-AFF-OCC-00095,RHD-S1809-02409,367,tſenijolá,tsenijola,1,ts,0,initial,,e,vowel_e,True,compatible_with_reported_initial_distribution,machine_graphemic_inventory_only,False,False,False
RHD-AFF-OCC-00096,RHD-S1809-02410,367,Tſani-,tsani,1,ts,0,initial,,a,vowel_a,True,compatible_with_reported_initial_free_variation,machine_graphemic_inventory_only,False,False,False
RHD-AFF-OCC-00097,RHD-S1809-02410,367,tſainijolájameke,tsainijolajameke,1,ts,0,initial,,a,vowel_a,True,compatible_with_reported_initial_free_variation,machine_graphemic_inventory_only,False,False,False
RHD-AFF-OCC-00098,RHD-S1809-02411,367,Tſani-,tsani,1,ts,0,initial,,a,vowel_a,True,compatible_with_reported_initial_free_variation,machine_graphemic_inventory_only,False,False,False
RHD-AFF-OCC-00099,RHD-S1809-02411,367,tſainijoliki,tsainijoliki,1,ts,0,initial,,a,vowel_a,True,compatible_with_reported_initial_free_variation,machine_graphemic_inventory_only,False,False,False
RHD-AFF-OCC-00100,RHD-S1809-02412,367,Tschá,tscha,1,tsch,0,initial,,a,vowel_a,True,compatible_with_reported_initial_free_variation,machine_graphemic_inventory_only,False,False,False
RHD-AFF-OCC-00101,RHD-S1809-02413,367,Tscháa,tschaa,1,tsch,0,initial,,a,vowel_a,True,compatible_with_reported_initial_free_variation,machine_graphemic_inventory_only,False,False,False
RHD-AFF-OCC-00102,RHD-S1809-02414,367,Tscháca,tschaca,1,tsch,0,initial,,a,vowel_a,True,compatible_with_reported_initial_free_variation,machine_graphemic_inventory_only,False,False,False
RHD-AFF-OCC-00103,RHD-S1809-02415,367,Tſchacheaca,tschacheaca,1,tsch,0,initial,,a,vowel_a,True,compatible_with_reported_initial_free_variation,machine_graphemic_inventory_only,False,False,False
RHD-AFF-OCC-00104,RHD-S1809-02416,367,Tschapi,tschapi,1,tsch,0,initial,,a,vowel_a,True,compatible_with_reported_initial_free_variation,machine_graphemic_inventory_only,False,False,False
RHD-AFF-OCC-00105,RHD-S1809-02417,367,Tschapíboli,tschapiboli,1,tsch,0,initial,,a,vowel_a,True,compatible_with_reported_initial_free_variation,machine_graphemic_inventory_only,False,False,False
RHD-AFF-OCC-00106,RHD-S1809-02418,367,Tschie,tschie,1,tsch,0,initial,,i,vowel_i,True,compatible_with_reported_initial_distribution,machine_graphemic_inventory_only,False,False,False
RHD-AFF-OCC-00107,RHD-S1809-02420,367,Tschicolíki,tschicoliki,1,tsch,0,initial,,i,vowel_i,True,compatible_with_reported_initial_distribution,machine_graphemic_inventory_only,False,False,False
RHD-AFF-OCC-00108,RHD-S1809-02421,367,Tſchicótſchi,tschicotschi,1,tsch,0,initial,,i,vowel_i,True,compatible_with_reported_initial_distribution,machine_graphemic_inventory_only,False,False,False
RHD-AFF-OCC-00109,RHD-S1809-02421,367,Tſchicótſchi,tschicotschi,2,tsch,7,medial,o,i,vowel_i,True,compatible_with_reported_medial_free_variation,machine_graphemic_inventory_only,False,False,False
RHD-AFF-OCC-00110,RHD-S1809-02422,367,Tschiculi,tschiculi,1,tsch,0,initial,,i,vowel_i,True,compatible_with_reported_initial_distribution,machine_graphemic_inventory_only,False,False,False
RHD-AFF-OCC-00111,RHD-S1809-02423,367,Tschimolí,tschimoli,1,tsch,0,initial,,i,vowel_i,True,compatible_with_reported_initial_distribution,machine_graphemic_inventory_only,False,False,False
RHD-AFF-OCC-00112,RHD-S1809-02424,367,Tschináca,tschinaca,1,tsch,0,initial,,i,vowel_i,True,compatible_with_reported_initial_distribution,machine_graphemic_inventory_only,False,False,False
RHD-AFF-OCC-00113,RHD-S1809-02425,367,Tſchiní,tschini,1,tsch,0,initial,,i,vowel_i,True,compatible_with_reported_initial_distribution,machine_graphemic_inventory_only,False,False,False
RHD-AFF-OCC-00114,RHD-S1809-02426,367,Tſchiperameke,tschiperameke,1,tsch,0,initial,,i,vowel_i,True,compatible_with_reported_initial_distribution,machine_graphemic_inventory_only,False,False,False
RHD-AFF-OCC-00115,RHD-S1809-02431,368,Tschipú,tschipu,1,tsch,0,initial,,i,vowel_i,True,compatible_with_reported_initial_distribution,machine_graphemic_inventory_only,False,False,False
RHD-AFF-OCC-00116,RHD-S1809-02432,368,Tſchipúſi,tschipusi,1,tsch,0,initial,,i,vowel_i,True,compatible_with_reported_initial_distribution,machine_graphemic_inventory_only,False,False,False
RHD-AFF-OCC-00117,RHD-S1809-02433,368,Tſchitſchi,tschitschi,1,tsch,0,initial,,i,vowel_i,True,compatible_with_reported_initial_distribution,machine_graphemic_inventory_only,False,False,False
RHD-AFF-OCC-00118,RHD-S1809-02433,368,Tſchitſchi,tschitschi,2,tsch,5,medial,i,i,vowel_i,True,compatible_with_reported_medial_free_variation,machine_graphemic_inventory_only,False,False,False
RHD-AFF-OCC-00119,RHD-S1809-02434,368,Tſchitſchiameke,tschitschiameke,1,tsch,0,initial,,i,vowel_i,True,compatible_with_reported_initial_distribution,machine_graphemic_inventory_only,False,False,False
RHD-AFF-OCC-00120,RHD-S1809-02434,368,Tſchitſchiameke,tschitschiameke,2,tsch,5,medial,i,i,vowel_i,True,compatible_with_reported_medial_free_variation,machine_graphemic_inventory_only,False,False,False
RHD-AFF-OCC-00121,RHD-S1809-02435,368,Tſchitſchigua,tschitschigua,1,tsch,0,initial,,i,vowel_i,True,compatible_with_reported_initial_distribution,machine_graphemic_inventory_only,False,False,False
RHD-AFF-OCC-00122,RHD-S1809-02435,368,Tſchitſchigua,tschitschigua,2,tsch,5,medial,i,i,vowel_i,True,compatible_with_reported_medial_free_variation,machine_graphemic_inventory_only,False,False,False
RHD-AFF-OCC-00123,RHD-S1809-02436,368,Tſchitſchimóco,tschitschimoco,1,tsch,0,initial,,i,vowel_i,True,compatible_with_reported_initial_distribution,machine_graphemic_inventory_only,False,False,False
RHD-AFF-OCC-00124,RHD-S1809-02436,368,Tſchitſchimóco,tschitschimoco,2,tsch,5,medial,i,i,vowel_i,True,compatible_with_reported_medial_free_variation,machine_graphemic_inventory_only,False,False,False
RHD-AFF-OCC-00125,RHD-S1809-02438,368,Tſchirúla,tschirula,1,tsch,0,initial,,i,vowel_i,True,compatible_with_reported_initial_distribution,machine_graphemic_inventory_only,False,False,False
RHD-AFF-OCC-00126,RHD-S1809-02440,368,Tſchirúlameke,tschirulameke,1,tsch,0,initial,,i,vowel_i,True,compatible_with_reported_initial_distribution,machine_graphemic_inventory_only,False,False,False
RHD-AFF-OCC-00127,RHD-S1809-02441,368,Tſchivávoli,tschivavoli,1,tsch,0,initial,,i,vowel_i,True,compatible_with_reported_initial_distribution,machine_graphemic_inventory_only,False,False,False
RHD-AFF-OCC-00128,RHD-S1809-02442,368,Tſchiví,tschivi,1,tsch,0,initial,,i,vowel_i,True,compatible_with_reported_initial_distribution,machine_graphemic_inventory_only,False,False,False
RHD-AFF-OCC-00129,RHD-S1809-02443,368,Tſchécemeke,tschecemeke,1,tsch,0,initial,,e,vowel_e,True,potential_exception_to_reported_initial_distribution,machine_graphemic_inventory_only,False,False,False
RHD-AFF-OCC-00130,RHD-S1809-02444,368,Tſchoché,tschoche,1,tsch,0,initial,,o,vowel_o,True,compatible_with_reported_initial_distribution,machine_graphemic_inventory_only,False,False,False
RHD-AFF-OCC-00131,RHD-S1809-02445,368,Tſchomáli,tschomali,1,tsch,0,initial,,o,vowel_o,True,compatible_with_reported_initial_distribution,machine_graphemic_inventory_only,False,False,False
RHD-AFF-OCC-00132,RHD-S1809-02447,368,Tſchotſchoná,tschotschona,1,tsch,0,initial,,o,vowel_o,True,compatible_with_reported_initial_distribution,machine_graphemic_inventory_only,False,False,False
RHD-AFF-OCC-00133,RHD-S1809-02447,368,Tſchotſchoná,tschotschona,2,tsch,5,medial,o,o,vowel_o,True,compatible_with_reported_medial_free_variation,machine_graphemic_inventory_only,False,False,False
RHD-AFF-OCC-00134,RHD-S1809-02448,368,Tſchotſchonála,tschotschonala,1,tsch,0,initial,,o,vowel_o,True,compatible_with_reported_initial_distribution,machine_graphemic_inventory_only,False,False,False
RHD-AFF-OCC-00135,RHD-S1809-02448,368,Tſchotſchonála,tschotschonala,2,tsch,5,medial,o,o,vowel_o,True,compatible_with_reported_medial_free_variation,machine_graphemic_inventory_only,False,False,False
RHD-AFF-OCC-00136,RHD-S1809-02450,368,Tſchouguá,tschougua,1,tsch,0,initial,,o,vowel_o,True,compatible_with_reported_initial_distribution,machine_graphemic_inventory_only,False,False,False
RHD-AFF-OCC-00137,RHD-S1809-02451,368,Tschucú,tschucu,1,tsch,0,initial,,u,vowel_u,True,compatible_with_reported_initial_distribution,machine_graphemic_inventory_only,False,False,False
RHD-AFF-OCC-00138,RHD-S1809-02452,368,Tschuluguí,tschulugui,1,tsch,0,initial,,u,vowel_u,True,compatible_with_reported_initial_distribution,machine_graphemic_inventory_only,False,False,False
RHD-AFF-OCC-00139,RHD-S1809-02453,368,Tschulugéameke,tschulugeameke,1,tsch,0,initial,,u,vowel_u,True,compatible_with_reported_initial_distribution,machine_graphemic_inventory_only,False,False,False
RHD-AFF-OCC-00140,RHD-S1809-02454,368,Tschuluguítsi,tschuluguitsi,1,tsch,0,initial,,u,vowel_u,True,compatible_with_reported_initial_distribution,machine_graphemic_inventory_only,False,False,False
RHD-AFF-OCC-00141,RHD-S1809-02454,368,Tschuluguítsi,tschuluguitsi,2,ts,10,medial,i,i,vowel_i,True,compatible_with_reported_medial_free_variation,machine_graphemic_inventory_only,False,False,False
RHD-AFF-OCC-00142,RHD-S1809-02455,368,Tschumíla,tschumila,1,tsch,0,initial,,u,vowel_u,True,compatible_with_reported_initial_distribution,machine_graphemic_inventory_only,False,False,False
RHD-AFF-OCC-00143,RHD-S1809-02456,368,Tirhutsiguá,tirhutsigua,1,ts,5,medial,u,i,vowel_i,True,compatible_with_reported_medial_free_variation,machine_graphemic_inventory_only,False,False,False
RHD-AFF-OCC-00144,RHD-S1809-02457,368,Tſchutá,tschuta,1,tsch,0,initial,,u,vowel_u,True,compatible_with_reported_initial_distribution,machine_graphemic_inventory_only,False,False,False
RHD-AFF-OCC-00145,RHD-S1809-02458,368,Tſchutſchelíla,tschutschelila,1,tsch,0,initial,,u,vowel_u,True,compatible_with_reported_initial_distribution,machine_graphemic_inventory_only,False,False,False
RHD-AFF-OCC-00146,RHD-S1809-02458,368,Tſchutſchelíla,tschutschelila,2,tsch,5,medial,u,e,vowel_e,True,compatible_with_reported_medial_free_variation,machine_graphemic_inventory_only,False,False,False
RHD-AFF-OCC-00147,RHD-S1809-02459,368,Tſchutſchú,tschutschu,1,tsch,0,initial,,u,vowel_u,True,compatible_with_reported_initial_distribution,machine_graphemic_inventory_only,False,False,False
RHD-AFF-OCC-00148,RHD-S1809-02459,368,Tſchutſchú,tschutschu,2,tsch,5,medial,u,u,vowel_u,True,compatible_with_reported_medial_free_variation,machine_graphemic_inventory_only,False,False,False
RHD-AFF-OCC-00149,RHD-S1809-02460,368,Tselé,tsele,1,ts,0,initial,,e,vowel_e,True,compatible_with_reported_initial_distribution,machine_graphemic_inventory_only,False,False,False
RHD-AFF-OCC-00150,RHD-S1809-02460,368,Tseli,tseli,1,ts,0,initial,,e,vowel_e,True,compatible_with_reported_initial_distribution,machine_graphemic_inventory_only,False,False,False
RHD-AFF-OCC-00151,RHD-S1809-02461,368,Tſelixugi,tselixugi,1,ts,0,initial,,e,vowel_e,True,compatible_with_reported_initial_distribution,machine_graphemic_inventory_only,False,False,False
RHD-AFF-OCC-00152,RHD-S1809-02462,368,Tſeliſapoli,tselisapoli,1,ts,0,initial,,e,vowel_e,True,compatible_with_reported_initial_distribution,machine_graphemic_inventory_only,False,False,False
RHD-AFF-OCC-00153,RHD-S1809-02465,368,Tſeſtána,tsestana,1,ts,0,initial,,e,vowel_e,True,compatible_with_reported_initial_distribution,machine_graphemic_inventory_only,False,False,False
RHD-AFF-OCC-00154,RHD-S1809-02469,368,Tſetijolá,tsetijola,1,ts,0,initial,,e,vowel_e,True,compatible_with_reported_initial_distribution,machine_graphemic_inventory_only,False,False,False
RHD-AFF-OCC-00155,RHD-S1809-02470,368,Tſetijolájameke,tsetijolajameke,1,ts,0,initial,,e,vowel_e,True,compatible_with_reported_initial_distribution,machine_graphemic_inventory_only,False,False,False
RHD-AFF-OCC-00156,RHD-S1809-02476,368,Vakítsi,vakitsi,1,ts,4,medial,i,i,vowel_i,True,compatible_with_reported_medial_free_variation,machine_graphemic_inventory_only,False,False,False
RHD-AFF-OCC-00157,RHD-S1809-02478,368,Vassúritschi,vassuritschi,1,tsch,7,medial,i,i,vowel_i,True,compatible_with_reported_medial_free_variation,machine_graphemic_inventory_only,False,False,False
