correspondence_id,historical_record_id,historical_form_diplomatic,historical_matched_component,historical_printed_page,graphic_key,modern_record_id,modern_headword,modern_headword_raw,modern_headword_normalized,modern_matched_component,modern_homonym_number,modern_classification,modern_translation_raw,modern_source_code,relation_type,candidate_status,modern_candidates_for_key,short_form_warning,modern_commit,human_reviewed,review_decision
RHD-CORR-000001,RHD-S1809-00026,Abé,Abé,353,abe,RD-000002,Abé,Abé,abe,Abé,,Adv,Hoy,SRC-02,exact_normalized_graphic_match,machine_candidate,1,true,156921f4edfe27d784edc1e6444867eaa368f2e5,false,not_assessed
RHD-CORR-000002,RHD-S1809-01649,Ali oder ari,ari,353,ari,RD-000091,Arí,Arí,ari,Arí,,Adv,Tarde,SRC-02,exact_normalized_graphic_match,machine_candidate,1,true,156921f4edfe27d784edc1e6444867eaa368f2e5,false,not_assessed
RHD-CORR-000003,RHD-S1809-01655,Ari,Ari,354,ari,RD-000091,Arí,Arí,ari,Arí,,Adv,Tarde,SRC-02,exact_normalized_graphic_match,machine_candidate,1,true,156921f4edfe27d784edc1e6444867eaa368f2e5,false,not_assessed
RHD-CORR-000004,RHD-S1809-01688,Boní,Boní,355,boni,RD-000301,Boní,Boní,boni,Boní,,S,Hermano menor,SRC-02,exact_normalized_graphic_match,machine_candidate,1,false,156921f4edfe27d784edc1e6444867eaa368f2e5,false,not_assessed
RHD-CORR-000005,RHD-S1809-01700,Búra,Búra,355,bura,RD-000341,Burá,Burá,bura,Burá,,Vt,Hacer camino,SRC-02,exact_normalized_graphic_match,machine_candidate,1,false,156921f4edfe27d784edc1e6444867eaa368f2e5,false,not_assessed
RHD-CORR-000006,RHD-S1809-01702,Ca,Ca,355,ca,RD-000357,ca,1ca,ca,ca,1,Vi,Llevar (en la mano),SRC-02,exact_normalized_graphic_match,machine_candidate,3,true,156921f4edfe27d784edc1e6444867eaa368f2e5,false,not_assessed
RHD-CORR-000007,RHD-S1809-01702,Ca,Ca,355,ca,RD-000358,ca,1ca,ca,ca,1,Vi,Traer,SRC-02,exact_normalized_graphic_match,machine_candidate,3,true,156921f4edfe27d784edc1e6444867eaa368f2e5,false,not_assessed
RHD-CORR-000008,RHD-S1809-01702,Ca,Ca,355,ca,RD-000359,ca,2ca,ca,ca,2,Vi,Hacer sombra,SRC-02,exact_normalized_graphic_match,machine_candidate,3,true,156921f4edfe27d784edc1e6444867eaa368f2e5,false,not_assessed
RHD-CORR-000009,RHD-S1809-01723,Có oder gö,Có,355,co,RD-000472,co,1co,co,co,1,Vi,Ser (Cuando uno dice: Echirigá ju. Así es. El otro contesta: Echirigá co. Así es.),SRC-02,exact_normalized_graphic_match,machine_candidate,2,true,156921f4edfe27d784edc1e6444867eaa368f2e5,false,not_assessed
RHD-CORR-000010,RHD-S1809-01723,Có oder gö,Có,355,co,RD-000473,co,2co,co,co,2,Vi,Picar (chile) Echi co'huáami huabé cóori. Ésa comida estaba muy picante. [pret: cóori; fut.: córama],SRC-02,exact_normalized_graphic_match,machine_candidate,2,true,156921f4edfe27d784edc1e6444867eaa368f2e5,false,not_assessed
RHD-CORR-000011,RHD-S1809-01756,Cuná,Cuná,356,cuna,RD-000587,Cuná,Cuná,cuna,Cuná,,S,"Marido, esposo",SRC-02,exact_normalized_graphic_match,machine_candidate,1,false,156921f4edfe27d784edc1e6444867eaa368f2e5,false,not_assessed
RHD-CORR-000012,RHD-S1809-01763,Cú,Cú,356,cu,RD-000555,Cu,1Cu,cu,Cu,1,Adv,Otra vez,SRC-02,exact_normalized_graphic_match,machine_candidate,3,true,156921f4edfe27d784edc1e6444867eaa368f2e5,false,not_assessed
RHD-CORR-000013,RHD-S1809-01763,Cú,Cú,356,cu,RD-000556,Cu,2Cu,cu,Cu,2,S,"Leña, madera",SRC-02,exact_normalized_graphic_match,machine_candidate,3,true,156921f4edfe27d784edc1e6444867eaa368f2e5,false,not_assessed
RHD-CORR-000014,RHD-S1809-01763,Cú,Cú,356,cu,RD-000557,Cu,3Cu,cu,Cu,3,Vi,"1. Comer (esquite, granos enteros, fruta dura). Saquí cubo, vamos a comer esquite. 2. Morder. Ta tohuí biré corí cumiri. El niño mordió un chile.",SRC-02,exact_normalized_graphic_match,machine_candidate,3,true,156921f4edfe27d784edc1e6444867eaa368f2e5,false,not_assessed
RHD-CORR-000015,RHD-S1809-01914,Iché,Iché,358,iche,RD-001060,Iché,1Iché,iche,Iché,1,Vi,Hay matas de maíz,SRC-02,exact_normalized_graphic_match,machine_candidate,2,false,156921f4edfe27d784edc1e6444867eaa368f2e5,false,not_assessed
RHD-CORR-000016,RHD-S1809-01914,Iché,Iché,358,iche,RD-001061,Iché,2Iché,iche,Iché,2,Vt,"Picar, punzar, inyectar",SRC-02,exact_normalized_graphic_match,machine_candidate,2,false,156921f4edfe27d784edc1e6444867eaa368f2e5,false,not_assessed
RHD-CORR-000017,RHD-S1809-01939,Jumá,Jumá,359,juma,RD-001183,Juma,Juma,juma,Juma,,Vi pl,Correr,SRC-02,exact_normalized_graphic_match,machine_candidate,1,false,156921f4edfe27d784edc1e6444867eaa368f2e5,false,not_assessed
RHD-CORR-000018,RHD-S1809-01987,Lá,Lá,360,la,RD-001189,La,1La,la,La,1,S,Sangre,SRC-02,exact_normalized_graphic_match,machine_candidate,2,true,156921f4edfe27d784edc1e6444867eaa368f2e5,false,not_assessed
RHD-CORR-000019,RHD-S1809-01987,Lá,Lá,360,la,RD-001190,La,2La,la,La,2,Vt,Hacer enramada,SRC-02,exact_normalized_graphic_match,machine_candidate,2,true,156921f4edfe27d784edc1e6444867eaa368f2e5,false,not_assessed
RHD-CORR-000020,RHD-S1809-02042,Muni,Muni,361,muni,RD-001405,Muní,Muní,muni,Muní,,S,Frijol,SRC-02,exact_normalized_graphic_match,machine_candidate,1,false,156921f4edfe27d784edc1e6444867eaa368f2e5,false,not_assessed
RHD-CORR-000021,RHD-S1809-02043,Múra,Múra,361,mura,RD-001408,Murá,Murá,mura,Murá,,S,Espiga,SRC-02,exact_normalized_graphic_match,machine_candidate,1,false,156921f4edfe27d784edc1e6444867eaa368f2e5,false,not_assessed
RHD-CORR-000022,RHD-S1809-02045,Musí,Musí,361,musi,RD-001420,Musí,Musí,musi,Musí,,S,"Tipo de pez negro, bargón",SRC-02,exact_normalized_graphic_match,machine_candidate,1,false,156921f4edfe27d784edc1e6444867eaa368f2e5,false,not_assessed
RHD-CORR-000023,RHD-S1809-02082,Napé,Napé,362,nape,RD-001505,Napé,Napé,nape,Napé,,Vi,1. Juntarse 2. Juntarse (casar),SRC-02,exact_normalized_graphic_match,machine_candidate,1,false,156921f4edfe27d784edc1e6444867eaa368f2e5,false,not_assessed
RHD-CORR-000024,RHD-S1809-02092,Nateguí,Nateguí,362,nategui,RD-001556,Nateguí,Nateguí,nategui,Nateguí,,,Cuesta,SRC-02,exact_normalized_graphic_match,machine_candidate,2,false,156921f4edfe27d784edc1e6444867eaa368f2e5,false,not_assessed
RHD-CORR-000025,RHD-S1809-02092,Nateguí,Nateguí,362,nategui,RD-001563,"Natiguí, nateguí","Natiguí, nateguí","natigui, nategui",nateguí,,Vi,"Valer, costar",SRC-02,exact_normalized_graphic_match,machine_candidate,2,false,156921f4edfe27d784edc1e6444867eaa368f2e5,false,not_assessed
RHD-CORR-000026,RHD-S1809-02093,Natépa,Natépa,362,natepa,RD-001557,Natepa,Natepa,natepa,Natepa,,Vt,Encontrar,SRC-02,exact_normalized_graphic_match,machine_candidate,1,false,156921f4edfe27d784edc1e6444867eaa368f2e5,false,not_assessed
RHD-CORR-000027,RHD-S1809-02101,Né,Né,362,ne,RD-001573,‘Né,‘Né,'ne,‘Né,,Vt,Ver,SRC-02,exact_normalized_graphic_match,machine_candidate,2,true,156921f4edfe27d784edc1e6444867eaa368f2e5,false,not_assessed
RHD-CORR-000028,RHD-S1809-02101,Né,Né,362,ne,RD-001574,‘Ne,‘Ne,'ne,‘Ne,,Vt,"Mirar, observar",SRC-02,exact_normalized_graphic_match,machine_candidate,2,true,156921f4edfe27d784edc1e6444867eaa368f2e5,false,not_assessed
RHD-CORR-000029,RHD-S1809-02147,Pá,Pá,363,pa,RD-001791,Pa,1Pa,pa,Pa,1,Vt,Traer,SRC-02,exact_normalized_graphic_match,machine_candidate,2,true,156921f4edfe27d784edc1e6444867eaa368f2e5,false,not_assessed
RHD-CORR-000030,RHD-S1809-02147,Pá,Pá,363,pa,RD-001792,Pa,2Pa,pa,Pa,2,Vt,Tirar,SRC-02,exact_normalized_graphic_match,machine_candidate,2,true,156921f4edfe27d784edc1e6444867eaa368f2e5,false,not_assessed
RHD-CORR-000031,RHD-S1809-02151,Báca,Báca,363,baca,RD-000127,Bacá,Bacá,baca,Bacá,,S,Carrizo,SRC-02,exact_normalized_graphic_match,machine_candidate,1,false,156921f4edfe27d784edc1e6444867eaa368f2e5,false,not_assessed
RHD-CORR-000032,RHD-S1809-02179,Piri?,Piri,364,piri,RD-001846,Piri,Piri,piri,Piri,,,¿Qué?,SRC-02,exact_normalized_graphic_match,machine_candidate,1,false,156921f4edfe27d784edc1e6444867eaa368f2e5,false,not_assessed
RHD-CORR-000033,RHD-S1809-02202,Pú,Pú,364,pu,RD-001854,Pu,Pu,pu,Pu,,Vi,Ponerse una faja,SRC-02,exact_normalized_graphic_match,machine_candidate,2,true,156921f4edfe27d784edc1e6444867eaa368f2e5,false,not_assessed
RHD-CORR-000034,RHD-S1809-02202,Pú,Pú,364,pu,RD-001855,Pu’,Pu’,pu',Pu’,,S,Faisán,SRC-02,exact_normalized_graphic_match,machine_candidate,2,true,156921f4edfe27d784edc1e6444867eaa368f2e5,false,not_assessed
RHD-CORR-000035,RHD-S1809-02203,Pugué,Pugué,364,pugue,RD-001857,Pugué,Pugué,pugue,Pugué,,Vt pl,"Tener, poseer (muchos animales)",SRC-02,exact_normalized_graphic_match,machine_candidate,1,false,156921f4edfe27d784edc1e6444867eaa368f2e5,false,not_assessed
RHD-CORR-000036,RHD-S1809-02228,Raná,Raná,364,rana,RD-001932,Raná,Raná,rana,Raná,,,1. vt Parir 2. s Hijo,SRC-02,exact_normalized_graphic_match,machine_candidate,1,false,156921f4edfe27d784edc1e6444867eaa368f2e5,false,not_assessed
RHD-CORR-000037,RHD-S1809-02229,"Ráje, oder táje",Ráje,364,raje,RD-001923,Rajé,Rajé,raje,Rajé,,Vt,Encender ocote (para alumbrar),SRC-02,exact_normalized_graphic_match,machine_candidate,1,false,156921f4edfe27d784edc1e6444867eaa368f2e5,false,not_assessed
RHD-CORR-000038,RHD-S1809-02248,Róco,Róco,365,roco,RD-002110,Rocó,Rocó,roco,Rocó,,Vi,Estar hondo,SRC-02,exact_normalized_graphic_match,machine_candidate,1,false,156921f4edfe27d784edc1e6444867eaa368f2e5,false,not_assessed
RHD-CORR-000039,RHD-S1809-02250,Ropá,Ropá,365,ropa,RD-002164,Ropá,Ropá,ropa,Ropá,,S,Estómago,SRC-02,exact_normalized_graphic_match,machine_candidate,1,false,156921f4edfe27d784edc1e6444867eaa368f2e5,false,not_assessed
RHD-CORR-000040,RHD-S1809-02284,Simi,Simi,365,simi,RD-002301,Simí,1Simí,simi,Simí,1,Vi sg,Irse,SRC-02,exact_normalized_graphic_match,machine_candidate,2,false,156921f4edfe27d784edc1e6444867eaa368f2e5,false,not_assessed
RHD-CORR-000041,RHD-S1809-02284,Simi,Simi,365,simi,RD-002302,Simí,2Simí,simi,Simí,2,Vi sg,Caminar,SRC-02,exact_normalized_graphic_match,machine_candidate,2,false,156921f4edfe27d784edc1e6444867eaa368f2e5,false,not_assessed
RHD-CORR-000042,RHD-S1809-02290,Sisí,Sisí,365,sisi,RD-002349,Sisí,Sisí,sisi,Sisí,,Imper,¡Vénganse!,SRC-02,exact_normalized_graphic_match,machine_candidate,1,false,156921f4edfe27d784edc1e6444867eaa368f2e5,false,not_assessed
RHD-CORR-000043,RHD-S1809-02331,"Taná, oder raná",Taná,366,tana,RD-002448,Tana,Tana,tana,Tana,,Vt,Pedir,SRC-02,exact_normalized_graphic_match,machine_candidate,1,false,156921f4edfe27d784edc1e6444867eaa368f2e5,false,not_assessed
RHD-CORR-000044,RHD-S1809-02331,"Taná, oder raná",raná,366,rana,RD-001932,Raná,Raná,rana,Raná,,,1. vt Parir 2. s Hijo,SRC-02,exact_normalized_graphic_match,machine_candidate,1,false,156921f4edfe27d784edc1e6444867eaa368f2e5,false,not_assessed
RHD-CORR-000045,RHD-S1809-02333,Taní,Taní,366,tani,RD-002451,Tani,Tani,tani,Tani,,Vt,Rogar,SRC-02,exact_normalized_graphic_match,machine_candidate,1,false,156921f4edfe27d784edc1e6444867eaa368f2e5,false,not_assessed
RHD-CORR-000046,RHD-S1809-02335,Tará,Tará,366,tara,RD-002453,Tará,Tará,tara,Tará,,Vt,Contar,SRC-02,exact_normalized_graphic_match,machine_candidate,1,false,156921f4edfe27d784edc1e6444867eaa368f2e5,false,not_assessed
RHD-CORR-000047,RHD-S1809-02350,Té,Té,366,te,RD-002462,Te,Te,te,Te,,Vi,"Tejer, extender (hilos para tejer)",SRC-02,exact_normalized_graphic_match,machine_candidate,1,true,156921f4edfe27d784edc1e6444867eaa368f2e5,false,not_assessed
RHD-CORR-000048,RHD-S1809-02401,Tó,Tó,367,to,RD-002489,To,1To,to,To,1,Vt,"Llevar, tomar",SRC-02,exact_normalized_graphic_match,machine_candidate,2,true,156921f4edfe27d784edc1e6444867eaa368f2e5,false,not_assessed
RHD-CORR-000049,RHD-S1809-02401,Tó,Tó,367,to,RD-002490,To,2To,to,To,2,Vt,Enterrar,SRC-02,exact_normalized_graphic_match,machine_candidate,2,true,156921f4edfe27d784edc1e6444867eaa368f2e5,false,not_assessed
RHD-CORR-000050,RHD-S1809-02491,Upi,Upi,368,upi,RD-002539,Upí,Upí,upi,Upí,,S sing,Esposa,SRC-02,exact_normalized_graphic_match,machine_candidate,1,true,156921f4edfe27d784edc1e6444867eaa368f2e5,false,not_assessed
