correspondence_id,historical_record_id,historical_form_diplomatic,historical_matched_component,historical_printed_page,historical_graphic_key,modern_record_id,modern_headword,modern_matched_component,modern_graphic_key,modern_classification,modern_translation_raw,modern_source_code,edit_distance,similarity,relation_type,candidate_status,modern_commit,human_reviewed,review_decision
RHD-PCORR-000001,RHD-S1809-00027,Abiti oder Apiti,Abiti,353,abiti,RD-000004,Abijí,Abijí,abiji,Adv,"Todavía, aún",SRC-02,1,0.8,probable_graphic_correspondence,machine_candidate,156921f4edfe27d784edc1e6444867eaa368f2e5,false,not_assessed
RHD-PCORR-000002,RHD-S1809-00029,Acáca,Acáca,353,acaca,RD-000009,Acará,Acará,acara,Vi,Poner (huaraches),SRC-02,1,0.8,probable_graphic_correspondence,machine_candidate,156921f4edfe27d784edc1e6444867eaa368f2e5,false,not_assessed
RHD-PCORR-000003,RHD-S1809-00029,Acáca,Acáca,353,acaca,RD-000021,Acaná,Acaná,acana,Adv,Boca abajo,SRC-02,1,0.8,probable_graphic_correspondence,machine_candidate,156921f4edfe27d784edc1e6444867eaa368f2e5,false,not_assessed
RHD-PCORR-000004,RHD-S1809-00029,Acáca,Acáca,353,acaca,RD-000023,Acará,Acará,acara,Vt,Herrar,SRC-02,1,0.8,probable_graphic_correspondence,machine_candidate,156921f4edfe27d784edc1e6444867eaa368f2e5,false,not_assessed
RHD-PCORR-000005,RHD-S1809-00034,"Aitá, oder caitá",caitá,353,caita,RD-000364,Cabita,Cabita,cabita,Vi,Rodarse (una cosa larga),SRC-02,1,0.8333,probable_graphic_correspondence,machine_candidate,156921f4edfe27d784edc1e6444867eaa368f2e5,false,not_assessed
RHD-PCORR-000006,RHD-S1809-00034,"Aitá, oder caitá",caitá,353,caita,RD-000464,Catá,Catá,cata,S,s arco,SRC-02,1,0.8,probable_graphic_correspondence,machine_candidate,156921f4edfe27d784edc1e6444867eaa368f2e5,false,not_assessed
RHD-PCORR-000007,RHD-S1809-00042,Jejé,Jejé,358,jeje,RD-001141,Jeré,Jeré,jere,,Así es,SRC-02,1,0.75,probable_graphic_correspondence,machine_candidate,156921f4edfe27d784edc1e6444867eaa368f2e5,false,not_assessed
RHD-PCORR-000008,RHD-S1809-00043,Iguá,Iguá,359,igua,RD-001069,Ihuá,Ihuá,ihua,Vi,Tener agujero,SRC-02,1,0.75,probable_graphic_correspondence,machine_candidate,156921f4edfe27d784edc1e6444867eaa368f2e5,false,not_assessed
RHD-PCORR-000009,RHD-S1809-00046,Jolá,Jolá,359,jola,RD-001169,Jora,Jora,jora,Vt,Escarbar (un hoyo),SRC-02,1,0.75,probable_graphic_correspondence,machine_candidate,156921f4edfe27d784edc1e6444867eaa368f2e5,false,not_assessed
RHD-PCORR-000010,RHD-S1809-00047,Pahí,Pahí,363,pahi,RD-001799,Pachí,Pachí,pachi,,"1. s Elote, mazorca 2. vi Hay elotes",SRC-02,1,0.8,probable_graphic_correspondence,machine_candidate,156921f4edfe27d784edc1e6444867eaa368f2e5,false,not_assessed
RHD-PCORR-000011,RHD-S1809-00047,Pahí,Pahí,363,pahi,RD-001809,Paní,Paní,pani,Adv,Arriba (en la falda),SRC-02,1,0.75,probable_graphic_correspondence,machine_candidate,156921f4edfe27d784edc1e6444867eaa368f2e5,false,not_assessed
RHD-PCORR-000012,RHD-S1809-00049,Páli,Páli,363,pali,RD-001809,Paní,Paní,pani,Adv,Arriba (en la falda),SRC-02,1,0.75,probable_graphic_correspondence,machine_candidate,156921f4edfe27d784edc1e6444867eaa368f2e5,false,not_assessed
RHD-PCORR-000013,RHD-S1809-00052,Pará,Pará,363,para,RD-001796,Paca,Paca,paca,Vt,"Colar (p. ej.: café, leche, agua)",SRC-02,1,0.75,probable_graphic_correspondence,machine_candidate,156921f4edfe27d784edc1e6444867eaa368f2e5,false,not_assessed
RHD-PCORR-000014,RHD-S1809-00052,Pará,Pará,363,para,RD-001812,Pasá,Pasá,pasa,Vt,"Echar, tirar",SRC-02,1,0.75,probable_graphic_correspondence,machine_candidate,156921f4edfe27d784edc1e6444867eaa368f2e5,false,not_assessed
RHD-PCORR-000015,RHD-S1809-00052,Pará,Pará,363,para,RD-001830,Pera,Pera,pera,,1. vt Poner (carona a la bestia) 2. s Carona,SRC-02,1,0.75,probable_graphic_correspondence,machine_candidate,156921f4edfe27d784edc1e6444867eaa368f2e5,false,not_assessed
RHD-PCORR-000016,RHD-S1809-00058,Peguá,Peguá,363,pegua,RD-001827,Pehua,Pehua,pehua,Vi,Fumar,SRC-02,1,0.8,probable_graphic_correspondence,machine_candidate,156921f4edfe27d784edc1e6444867eaa368f2e5,false,not_assessed
RHD-PCORR-000017,RHD-S1809-01653,Balá,Balá,354,bala,RD-000127,Bacá,Bacá,baca,S,Carrizo,SRC-02,1,0.75,probable_graphic_correspondence,machine_candidate,156921f4edfe27d784edc1e6444867eaa368f2e5,false,not_assessed
RHD-PCORR-000018,RHD-S1809-01653,Balá,Balá,354,bala,RD-000174,Baná,Baná,bana,S,Mejilla,SRC-02,1,0.75,probable_graphic_correspondence,machine_candidate,156921f4edfe27d784edc1e6444867eaa368f2e5,false,not_assessed
RHD-PCORR-000019,RHD-S1809-01653,Balá,Balá,354,bala,RD-000184,Bapá,Bapá,bapa,Vt,Apedrear,SRC-02,1,0.75,probable_graphic_correspondence,machine_candidate,156921f4edfe27d784edc1e6444867eaa368f2e5,false,not_assessed
RHD-PCORR-000020,RHD-S1809-01663,Baicá,Baicá,354,baica,RD-000127,Bacá,Bacá,baca,S,Carrizo,SRC-02,1,0.8,probable_graphic_correspondence,machine_candidate,156921f4edfe27d784edc1e6444867eaa368f2e5,false,not_assessed
RHD-PCORR-000021,RHD-S1809-01663,Baicá,Baicá,354,baica,RD-000155,Baisá,Baisá,baisa,Adv,Tercero,SRC-02,1,0.8,probable_graphic_correspondence,machine_candidate,156921f4edfe27d784edc1e6444867eaa368f2e5,false,not_assessed
RHD-PCORR-000022,RHD-S1809-01663,Baicá,Baicá,354,baica,RD-000223,Bicá,Bicá,bica,Vi,Pudrir,SRC-02,1,0.8,probable_graphic_correspondence,machine_candidate,156921f4edfe27d784edc1e6444867eaa368f2e5,false,not_assessed
RHD-PCORR-000023,RHD-S1809-01665,Bajé,Bajé,354,baje,RD-000158,Bají,Bají,baji,Vi,"Tomar, beber (tesgüino, agua)",SRC-02,1,0.75,probable_graphic_correspondence,machine_candidate,156921f4edfe27d784edc1e6444867eaa368f2e5,false,not_assessed
RHD-PCORR-000024,RHD-S1809-01665,Bajé,Bajé,354,baje,RD-000177,Bané,Bané,bane,Vi,Tener mejillas.,SRC-02,1,0.75,probable_graphic_correspondence,machine_candidate,156921f4edfe27d784edc1e6444867eaa368f2e5,false,not_assessed
RHD-PCORR-000025,RHD-S1809-01665,Bajé,Bajé,354,baje,RD-000192,Baré,Baré,bare,S,Cura,SRC-02,1,0.75,probable_graphic_correspondence,machine_candidate,156921f4edfe27d784edc1e6444867eaa368f2e5,false,not_assessed
RHD-PCORR-000026,RHD-S1809-01668,Baiſſá,Baiſſá,354,baissa,RD-000155,Baisá,Baisá,baisa,Adv,Tercero,SRC-02,1,0.8333,probable_graphic_correspondence,machine_candidate,156921f4edfe27d784edc1e6444867eaa368f2e5,false,not_assessed
RHD-PCORR-000027,RHD-S1809-01675,Balſi,Balſi,354,balsi,RD-000198,Basi,Basi,basi,S,"Taza, vaso",SRC-02,1,0.8,probable_graphic_correspondence,machine_candidate,156921f4edfe27d784edc1e6444867eaa368f2e5,false,not_assessed
RHD-PCORR-000028,RHD-S1809-01679,Baſſu,Baſſu,354,bassu,RD-000206,Basú,Basú,basu,Vi,"Cocer, hervir",SRC-02,1,0.8,probable_graphic_correspondence,machine_candidate,156921f4edfe27d784edc1e6444867eaa368f2e5,false,not_assessed
RHD-PCORR-000029,RHD-S1809-01679,Baſſu,Baſſu,354,bassu,RD-000207,Basú,Basú,basu,,Derretir,SRC-02,1,0.8,probable_graphic_correspondence,machine_candidate,156921f4edfe27d784edc1e6444867eaa368f2e5,false,not_assessed
RHD-PCORR-000030,RHD-S1809-01680,Batáni,Batáni,354,batani,RD-000210,Batari,Batari,batari,S,Tesgüino,SRC-02,1,0.8333,probable_graphic_correspondence,machine_candidate,156921f4edfe27d784edc1e6444867eaa368f2e5,false,not_assessed
RHD-PCORR-000031,RHD-S1809-01681,Batſá,Batſá,354,batsa,RD-000155,Baisá,Baisá,baisa,Adv,Tercero,SRC-02,1,0.8,probable_graphic_correspondence,machine_candidate,156921f4edfe27d784edc1e6444867eaa368f2e5,false,not_assessed
RHD-PCORR-000032,RHD-S1809-01681,Batſá,Batſá,354,batsa,RD-000195,Basá,Basá,basa,Vt,Apedrear,SRC-02,1,0.8,probable_graphic_correspondence,machine_candidate,156921f4edfe27d784edc1e6444867eaa368f2e5,false,not_assessed
RHD-PCORR-000033,RHD-S1809-01683,Báſſa,Báſſa,354,bassa,RD-000155,Baisá,Baisá,baisa,Adv,Tercero,SRC-02,1,0.8,probable_graphic_correspondence,machine_candidate,156921f4edfe27d784edc1e6444867eaa368f2e5,false,not_assessed
RHD-PCORR-000034,RHD-S1809-01683,Báſſa,Báſſa,354,bassa,RD-000195,Basá,Basá,basa,Vt,Apedrear,SRC-02,1,0.8,probable_graphic_correspondence,machine_candidate,156921f4edfe27d784edc1e6444867eaa368f2e5,false,not_assessed
RHD-PCORR-000035,RHD-S1809-01688,Boní,Boní,355,boni,RD-000263,Biní,Biní,bini,S,Hermana menor (de mujer),SRC-02,1,0.75,probable_graphic_correspondence,machine_candidate,156921f4edfe27d784edc1e6444867eaa368f2e5,false,not_assessed
RHD-PCORR-000036,RHD-S1809-01691,Bucú,Bucú,355,bucu,RD-000346,Burú,Burú,buru,Vi,Estar el camino (hacia e l lugar mencionado),SRC-02,1,0.75,probable_graphic_correspondence,machine_candidate,156921f4edfe27d784edc1e6444867eaa368f2e5,false,not_assessed
RHD-PCORR-000037,RHD-S1809-01693,Buké,Buké,355,buke,RD-000337,Bujé,Bujé,buje,Vi,"Cobrar, quitar algo, multar",SRC-02,1,0.75,probable_graphic_correspondence,machine_candidate,156921f4edfe27d784edc1e6444867eaa368f2e5,false,not_assessed
RHD-PCORR-000038,RHD-S1809-01693,Buké,Buké,355,buke,RD-000342,Buré,Buré,bure,Vi,Amarrar,SRC-02,1,0.75,probable_graphic_correspondence,machine_candidate,156921f4edfe27d784edc1e6444867eaa368f2e5,false,not_assessed
RHD-PCORR-000039,RHD-S1809-01693,Buké,Buké,355,buke,RD-000350,Busé,Busé,buse,Vi,Tener ojos,SRC-02,1,0.75,probable_graphic_correspondence,machine_candidate,156921f4edfe27d784edc1e6444867eaa368f2e5,false,not_assessed
RHD-PCORR-000040,RHD-S1809-01697,Bulá,Bulá,355,bula,RD-000338,Buná,Buná,buna,Vi,1. Agacharse 2. Inclinarse,SRC-02,1,0.75,probable_graphic_correspondence,machine_candidate,156921f4edfe27d784edc1e6444867eaa368f2e5,false,not_assessed
RHD-PCORR-000041,RHD-S1809-01697,Bulá,Bulá,355,bula,RD-000341,Burá,Burá,bura,Vt,Hacer camino,SRC-02,1,0.75,probable_graphic_correspondence,machine_candidate,156921f4edfe27d784edc1e6444867eaa368f2e5,false,not_assessed
RHD-PCORR-000042,RHD-S1809-01697,Bulá,Bulá,355,bula,RD-000349,Busá,Busá,busa,Vi,Despertarse,SRC-02,1,0.75,probable_graphic_correspondence,machine_candidate,156921f4edfe27d784edc1e6444867eaa368f2e5,false,not_assessed
RHD-PCORR-000043,RHD-S1809-01700,Búra,Búra,355,bura,RD-000187,Bará,Bará,bara,S,El tiempo de lluvias,SRC-02,1,0.75,probable_graphic_correspondence,machine_candidate,156921f4edfe27d784edc1e6444867eaa368f2e5,false,not_assessed
RHD-PCORR-000044,RHD-S1809-01700,Búra,Búra,355,bura,RD-000338,Buná,Buná,buna,Vi,1. Agacharse 2. Inclinarse,SRC-02,1,0.75,probable_graphic_correspondence,machine_candidate,156921f4edfe27d784edc1e6444867eaa368f2e5,false,not_assessed
RHD-PCORR-000045,RHD-S1809-01700,Búra,Búra,355,bura,RD-000342,Buré,Buré,bure,Vi,Amarrar,SRC-02,1,0.75,probable_graphic_correspondence,machine_candidate,156921f4edfe27d784edc1e6444867eaa368f2e5,false,not_assessed
RHD-PCORR-000046,RHD-S1809-01704,Cajena,Cajena,355,cajena,RD-000388,Cajera,Cajera,cajera,S,"Cáscara delgada, vaina",SRC-02,1,0.8333,probable_graphic_correspondence,machine_candidate,156921f4edfe27d784edc1e6444867eaa368f2e5,false,not_assessed
RHD-PCORR-000047,RHD-S1809-01704,Cajena,Cajena,355,cajena,RD-000470,Cayena,Cayena,cayena,Vt,"1. terminar, levantar 2. cosechar",SRC-02,1,0.8333,probable_graphic_correspondence,machine_candidate,156921f4edfe27d784edc1e6444867eaa368f2e5,false,not_assessed
RHD-PCORR-000048,RHD-S1809-01706,Caitá,Caitá,355,caita,RD-000364,Cabita,Cabita,cabita,Vi,Rodarse (una cosa larga),SRC-02,1,0.8333,probable_graphic_correspondence,machine_candidate,156921f4edfe27d784edc1e6444867eaa368f2e5,false,not_assessed
RHD-PCORR-000049,RHD-S1809-01706,Caitá,Caitá,355,caita,RD-000464,Catá,Catá,cata,S,s arco,SRC-02,1,0.8,probable_graphic_correspondence,machine_candidate,156921f4edfe27d784edc1e6444867eaa368f2e5,false,not_assessed
RHD-PCORR-000050,RHD-S1809-01712,Comó?,Comó,355,como,RD-000504,Comí,Comí,comi,Vi,1. Estar bajo 2. Hacer arroyo,SRC-02,1,0.75,probable_graphic_correspondence,machine_candidate,156921f4edfe27d784edc1e6444867eaa368f2e5,false,not_assessed
RHD-PCORR-000051,RHD-S1809-01712,Comó?,Comó,355,como,RD-000536,Coró,Coró,coro,S,"Zopilote pinto, rayado",SRC-02,1,0.75,probable_graphic_correspondence,machine_candidate,156921f4edfe27d784edc1e6444867eaa368f2e5,false,not_assessed
RHD-PCORR-000052,RHD-S1809-01712,Comó?,Comó,355,como,RD-000547,Cosó,Cosó,coso,Vi,Ahogarse (al tragar).,SRC-02,1,0.75,probable_graphic_correspondence,machine_candidate,156921f4edfe27d784edc1e6444867eaa368f2e5,false,not_assessed
RHD-PCORR-000053,RHD-S1809-01737,Coló,Coló,355,colo,RD-000536,Coró,Coró,coro,S,"Zopilote pinto, rayado",SRC-02,1,0.75,probable_graphic_correspondence,machine_candidate,156921f4edfe27d784edc1e6444867eaa368f2e5,false,not_assessed
RHD-PCORR-000054,RHD-S1809-01737,Coló,Coló,355,colo,RD-000547,Cosó,Cosó,coso,Vi,Ahogarse (al tragar).,SRC-02,1,0.75,probable_graphic_correspondence,machine_candidate,156921f4edfe27d784edc1e6444867eaa368f2e5,false,not_assessed
RHD-PCORR-000055,RHD-S1809-01741,Colé,Colé,355,cole,RD-000552,Coyé,Coyé,coye,Vi,Ponerse el paño de lienzo en la cabeza,SRC-02,1,0.75,probable_graphic_correspondence,machine_candidate,156921f4edfe27d784edc1e6444867eaa368f2e5,false,not_assessed
RHD-PCORR-000056,RHD-S1809-01748,Cavára,Cavára,356,cavara,RD-000450,Casará,Casará,casara,S,"Zacate, hierba del campo, pasto",SRC-02,1,0.8333,probable_graphic_correspondence,machine_candidate,156921f4edfe27d784edc1e6444867eaa368f2e5,false,not_assessed
RHD-PCORR-000057,RHD-S1809-01750,Cugué,Cugué,356,cugue,RD-000569,Cuhué,Cuhué,cuhue,S,El tiempo de calor (antes de las lluvias),SRC-02,1,0.8,probable_graphic_correspondence,machine_candidate,156921f4edfe27d784edc1e6444867eaa368f2e5,false,not_assessed
RHD-PCORR-000058,RHD-S1809-01756,Cuná,Cuná,356,cuna,RD-000807,Chuná,Chuná,chuna,S,Higuera,SRC-02,1,0.8,probable_graphic_correspondence,machine_candidate,156921f4edfe27d784edc1e6444867eaa368f2e5,false,not_assessed
RHD-PCORR-000059,RHD-S1809-01756,Cuná,Cuná,356,cuna,RD-000513,Coná,Coná,cona,Vt,Tostar,SRC-02,1,0.75,probable_graphic_correspondence,machine_candidate,156921f4edfe27d784edc1e6444867eaa368f2e5,false,not_assessed
RHD-PCORR-000060,RHD-S1809-01756,Cuná,Cuná,356,cuna,RD-000514,Coná,Coná,cona,S,Sal,SRC-02,1,0.75,probable_graphic_correspondence,machine_candidate,156921f4edfe27d784edc1e6444867eaa368f2e5,false,not_assessed
RHD-PCORR-000061,RHD-S1809-01764,Cutsi,Cutsi,356,cutsi,RD-000601,Cursi,Cursi,cursi,S,Cruz,SRC-02,1,0.8,probable_graphic_correspondence,machine_candidate,156921f4edfe27d784edc1e6444867eaa368f2e5,false,not_assessed
RHD-PCORR-000062,RHD-S1809-01764,Cutsi,Cutsi,356,cutsi,RD-000614,Cusí,Cusí,cusi,S,Palo,SRC-02,1,0.8,probable_graphic_correspondence,machine_candidate,156921f4edfe27d784edc1e6444867eaa368f2e5,false,not_assessed
RHD-PCORR-000063,RHD-S1809-01764,Cutsi,Cutsi,356,cutsi,RD-000615,Cusí,Cusí,cusi,Vt,Tostar (los elotes o las mazorcas),SRC-02,1,0.8,probable_graphic_correspondence,machine_candidate,156921f4edfe27d784edc1e6444867eaa368f2e5,false,not_assessed
RHD-PCORR-000064,RHD-S1809-01797,Galá,Galá,356,gala,RD-000849,Gará,Gará,gara,"Adj, adv",1. bueno (sabroso) 2. bien (sano),SRC-02,1,0.75,probable_graphic_correspondence,machine_candidate,156921f4edfe27d784edc1e6444867eaa368f2e5,false,not_assessed
RHD-PCORR-000065,RHD-S1809-01798,Galabé,Galabé,356,galabe,RD-000851,Garabé,Garabé,garabe,Adj,"Muy bien, muy bueno, fino, perfecto",SRC-02,1,0.8333,probable_graphic_correspondence,machine_candidate,156921f4edfe27d784edc1e6444867eaa368f2e5,false,not_assessed
RHD-PCORR-000066,RHD-S1809-01802,Gané,Gané,357,gane,RD-000859,Garé,Garé,gare,Vt,"Amar, querer (véase 2caré)",SRC-02,1,0.75,probable_graphic_correspondence,machine_candidate,156921f4edfe27d784edc1e6444867eaa368f2e5,false,not_assessed
RHD-PCORR-000067,RHD-S1809-01871,"Halí, oder harí",harí,358,hari,RD-000907,Huari,Huari,huari,S esp,"Huari (reg.), cesta, canasta",SRC-02,1,0.8,probable_graphic_correspondence,machine_candidate,156921f4edfe27d784edc1e6444867eaa368f2e5,false,not_assessed
RHD-PCORR-000068,RHD-S1809-01881,Hiáſi,Hiáſi,358,hiasi,RD-000923,Huasí,Huasí,huasi,S,Cola,SRC-02,1,0.8,probable_graphic_correspondence,machine_candidate,156921f4edfe27d784edc1e6444867eaa368f2e5,false,not_assessed
RHD-PCORR-000069,RHD-S1809-01881,Hiáſi,Hiáſi,358,hiasi,RD-000924,Huasí,Huasí,huasi,S,Suegra,SRC-02,1,0.8,probable_graphic_correspondence,machine_candidate,156921f4edfe27d784edc1e6444867eaa368f2e5,false,not_assessed
RHD-PCORR-000070,RHD-S1809-01902,Húli,Húli,358,huli,RD-000991,Huíi,Huíi,huii,Vt,"Lanzar, amarrar (un animal)",SRC-02,1,0.75,probable_graphic_correspondence,machine_candidate,156921f4edfe27d784edc1e6444867eaa368f2e5,false,not_assessed
RHD-PCORR-000071,RHD-S1809-01903,Huli,Huli,358,huli,RD-000991,Huíi,Huíi,huii,Vt,"Lanzar, amarrar (un animal)",SRC-02,1,0.75,probable_graphic_correspondence,machine_candidate,156921f4edfe27d784edc1e6444867eaa368f2e5,false,not_assessed
RHD-PCORR-000072,RHD-S1809-01914,Iché,Iché,358,iche,RD-001058,Ichá,Ichá,icha,Vt,Sembrar,SRC-02,1,0.75,probable_graphic_correspondence,machine_candidate,156921f4edfe27d784edc1e6444867eaa368f2e5,false,not_assessed
RHD-PCORR-000073,RHD-S1809-01914,Iché,Iché,358,iche,RD-001062,Ichí,Ichí,ichi,S,Matas de maíz,SRC-02,1,0.75,probable_graphic_correspondence,machine_candidate,156921f4edfe27d784edc1e6444867eaa368f2e5,false,not_assessed
RHD-PCORR-000074,RHD-S1809-01922,Igue,Igue,359,igue,RD-001101,Iqué,Iqué,ique,Vt,Ventilar,SRC-02,1,0.75,probable_graphic_correspondence,machine_candidate,156921f4edfe27d784edc1e6444867eaa368f2e5,false,not_assessed
RHD-PCORR-000075,RHD-S1809-01929,Imari,Imari,359,imari,RD-001092,Imuri,Imuri,imuri,S,"Canasta (con tapadera), petaca",SRC-02,1,0.8,probable_graphic_correspondence,machine_candidate,156921f4edfe27d784edc1e6444867eaa368f2e5,false,not_assessed
RHD-PCORR-000076,RHD-S1809-01937,Jukí,Jukí,359,juki,RD-001181,Jubí,Jubí,jubi,S pl,Esposas,SRC-02,1,0.75,probable_graphic_correspondence,machine_candidate,156921f4edfe27d784edc1e6444867eaa368f2e5,false,not_assessed
RHD-PCORR-000077,RHD-S1809-01937,Jukí,Jukí,359,juki,RD-001188,Juri,Juri,juri,Adv,"Sí, seguro",SRC-02,1,0.75,probable_graphic_correspondence,machine_candidate,156921f4edfe27d784edc1e6444867eaa368f2e5,false,not_assessed
RHD-PCORR-000078,RHD-S1809-01939,Jumá,Jumá,359,juma,RD-001184,Jumsa,Jumsa,jumsa,Vi pl,Huir,SRC-02,1,0.8,probable_graphic_correspondence,machine_candidate,156921f4edfe27d784edc1e6444867eaa368f2e5,false,not_assessed
RHD-PCORR-000079,RHD-S1809-01939,Jumá,Jumá,359,juma,RD-001185,Jumta,Jumta,jumta,Vt,Echar a correr,SRC-02,1,0.8,probable_graphic_correspondence,machine_candidate,156921f4edfe27d784edc1e6444867eaa368f2e5,false,not_assessed
RHD-PCORR-000080,RHD-S1809-01939,Jumá,Jumá,359,juma,RD-001152,Jima,Jima,jima,Vi pl,Subir,SRC-02,1,0.75,probable_graphic_correspondence,machine_candidate,156921f4edfe27d784edc1e6444867eaa368f2e5,false,not_assessed
RHD-PCORR-000081,RHD-S1809-01988,Láca,Láca,360,laca,RD-001191,Labá,Labá,laba,S,"Hueja redonda (reg.), jícara",SRC-02,1,0.75,probable_graphic_correspondence,machine_candidate,156921f4edfe27d784edc1e6444867eaa368f2e5,false,not_assessed
RHD-PCORR-000082,RHD-S1809-01988,Láca,Láca,360,laca,RD-001205,Loca,Loca,loca,Vt,"Batir, mezclar (pinole en agua)",SRC-02,1,0.75,probable_graphic_correspondence,machine_candidate,156921f4edfe27d784edc1e6444867eaa368f2e5,false,not_assessed
RHD-PCORR-000083,RHD-S1809-01989,Lála,Lála,360,lala,RD-001191,Labá,Labá,laba,S,"Hueja redonda (reg.), jícara",SRC-02,1,0.75,probable_graphic_correspondence,machine_candidate,156921f4edfe27d784edc1e6444867eaa368f2e5,false,not_assessed
RHD-PCORR-000084,RHD-S1809-01995,Loguí,Loguí,360,logui,RD-001213,Lohuí,Lohuí,lohui,Vi,"Tener rabia, estar loco (que anda corriendo)",SRC-02,1,0.8,probable_graphic_correspondence,machine_candidate,156921f4edfe27d784edc1e6444867eaa368f2e5,false,not_assessed
RHD-PCORR-000085,RHD-S1809-02000,Mága,Mága,360,maga,RD-001222,Maba,Maba,maba,Vt,Comer caña,SRC-02,1,0.75,probable_graphic_correspondence,machine_candidate,156921f4edfe27d784edc1e6444867eaa368f2e5,false,not_assessed
RHD-PCORR-000086,RHD-S1809-02000,Mága,Mága,360,maga,RD-001223,Mabá,Mabá,maba,Imper,¡Vamos!,SRC-02,1,0.75,probable_graphic_correspondence,machine_candidate,156921f4edfe27d784edc1e6444867eaa368f2e5,false,not_assessed
RHD-PCORR-000087,RHD-S1809-02000,Mága,Mága,360,maga,RD-001248,"Majá, majahuá",Majá,maja,Vi,Tener miedo,SRC-02,1,0.75,probable_graphic_correspondence,machine_candidate,156921f4edfe27d784edc1e6444867eaa368f2e5,false,not_assessed
RHD-PCORR-000088,RHD-S1809-02002,Mahá,Mahá,360,maha,RD-001231,Machá,Machá,macha,S,Garrapata,SRC-02,1,0.8,probable_graphic_correspondence,machine_candidate,156921f4edfe27d784edc1e6444867eaa368f2e5,false,not_assessed
RHD-PCORR-000089,RHD-S1809-02002,Mahá,Mahá,360,maha,RD-001245,‘Mahuá,‘Mahuá,mahua,Vi,Ir corriendo,SRC-02,1,0.8,probable_graphic_correspondence,machine_candidate,156921f4edfe27d784edc1e6444867eaa368f2e5,false,not_assessed
RHD-PCORR-000090,RHD-S1809-02002,Mahá,Mahá,360,maha,RD-001222,Maba,Maba,maba,Vt,Comer caña,SRC-02,1,0.75,probable_graphic_correspondence,machine_candidate,156921f4edfe27d784edc1e6444867eaa368f2e5,false,not_assessed
RHD-PCORR-000091,RHD-S1809-02004,Matáca,Matáca,361,mataca,RD-001269,Maracá,Maracá,maraca,S,Paleta,SRC-02,1,0.8333,probable_graphic_correspondence,machine_candidate,156921f4edfe27d784edc1e6444867eaa368f2e5,false,not_assessed
RHD-PCORR-000092,RHD-S1809-02004,Matáca,Matáca,361,mataca,RD-001284,Matagá,Matagá,mataga,S,Palma (de la mano),SRC-02,1,0.8333,probable_graphic_correspondence,machine_candidate,156921f4edfe27d784edc1e6444867eaa368f2e5,false,not_assessed
RHD-PCORR-000093,RHD-S1809-02013,Móla,Móla,361,mola,RD-001343,Moba,Moba,moba,Adv,"Sobre, encima",SRC-02,1,0.75,probable_graphic_correspondence,machine_candidate,156921f4edfe27d784edc1e6444867eaa368f2e5,false,not_assessed
RHD-PCORR-000094,RHD-S1809-02013,Móla,Móla,361,mola,RD-001344,Mocá,Mocá,moca,S,"Cuero curtido, vaqueta",SRC-02,1,0.75,probable_graphic_correspondence,machine_candidate,156921f4edfe27d784edc1e6444867eaa368f2e5,false,not_assessed
RHD-PCORR-000095,RHD-S1809-02013,Móla,Móla,361,mola,RD-001380,Moyá,Moyá,moya,Vi,Pudrirse (maíz desgranado),SRC-02,1,0.75,probable_graphic_correspondence,machine_candidate,156921f4edfe27d784edc1e6444867eaa368f2e5,false,not_assessed
RHD-PCORR-000096,RHD-S1809-02015,Molé,Molé,361,mole,RD-001364,Moré,Moré,more,Vi,Sahumar,SRC-02,1,0.75,probable_graphic_correspondence,machine_candidate,156921f4edfe27d784edc1e6444867eaa368f2e5,false,not_assessed
RHD-PCORR-000097,RHD-S1809-02022,Muhé,Muhé,361,muhe,RD-001397,Muhué,Muhué,muhue,Vi pl,"Aumentarse, rendir mucho",SRC-02,1,0.8,probable_graphic_correspondence,machine_candidate,156921f4edfe27d784edc1e6444867eaa368f2e5,false,not_assessed
RHD-PCORR-000098,RHD-S1809-02022,Muhé,Muhé,361,muhe,RD-001401,Mujé,Mujé,muje,Pron,"Tú, usted",SRC-02,1,0.75,probable_graphic_correspondence,machine_candidate,156921f4edfe27d784edc1e6444867eaa368f2e5,false,not_assessed
RHD-PCORR-000099,RHD-S1809-02022,Muhé,Muhé,361,muhe,RD-001404,Muné,Muné,mune,Vt,Sembrar frijol,SRC-02,1,0.75,probable_graphic_correspondence,machine_candidate,156921f4edfe27d784edc1e6444867eaa368f2e5,false,not_assessed
RHD-PCORR-000100,RHD-S1809-02023,Mujá,Mujá,361,muja,RD-001248,"Majá, majahuá",Majá,maja,Vi,Tener miedo,SRC-02,1,0.75,probable_graphic_correspondence,machine_candidate,156921f4edfe27d784edc1e6444867eaa368f2e5,false,not_assessed
RHD-PCORR-000101,RHD-S1809-02023,Mujá,Mujá,361,muja,RD-001401,Mujé,Mujé,muje,Pron,"Tú, usted",SRC-02,1,0.75,probable_graphic_correspondence,machine_candidate,156921f4edfe27d784edc1e6444867eaa368f2e5,false,not_assessed
RHD-PCORR-000102,RHD-S1809-02023,Mujá,Mujá,361,muja,RD-001403,Muná,Muná,muna,Vi,Subir (de tierra baja),SRC-02,1,0.75,probable_graphic_correspondence,machine_candidate,156921f4edfe27d784edc1e6444867eaa368f2e5,false,not_assessed
RHD-PCORR-000103,RHD-S1809-02027,Mukí,Mukí,361,muki,RD-001405,Muní,Muní,muni,S,Frijol,SRC-02,1,0.75,probable_graphic_correspondence,machine_candidate,156921f4edfe27d784edc1e6444867eaa368f2e5,false,not_assessed
RHD-PCORR-000104,RHD-S1809-02027,Mukí,Mukí,361,muki,RD-001420,Musí,Musí,musi,S,"Tipo de pez negro, bargón",SRC-02,1,0.75,probable_graphic_correspondence,machine_candidate,156921f4edfe27d784edc1e6444867eaa368f2e5,false,not_assessed
RHD-PCORR-000105,RHD-S1809-02029,Muki,Muki,361,muki,RD-001405,Muní,Muní,muni,S,Frijol,SRC-02,1,0.75,probable_graphic_correspondence,machine_candidate,156921f4edfe27d784edc1e6444867eaa368f2e5,false,not_assessed
RHD-PCORR-000106,RHD-S1809-02029,Muki,Muki,361,muki,RD-001420,Musí,Musí,musi,S,"Tipo de pez negro, bargón",SRC-02,1,0.75,probable_graphic_correspondence,machine_candidate,156921f4edfe27d784edc1e6444867eaa368f2e5,false,not_assessed
RHD-PCORR-000107,RHD-S1809-02042,Muni,Muni,361,muni,RD-001258,Maní,Maní,mani,Vi,Contener un líquido,SRC-02,1,0.75,probable_graphic_correspondence,machine_candidate,156921f4edfe27d784edc1e6444867eaa368f2e5,false,not_assessed
RHD-PCORR-000108,RHD-S1809-02042,Muni,Muni,361,muni,RD-001403,Muná,Muná,muna,Vi,Subir (de tierra baja),SRC-02,1,0.75,probable_graphic_correspondence,machine_candidate,156921f4edfe27d784edc1e6444867eaa368f2e5,false,not_assessed
RHD-PCORR-000109,RHD-S1809-02042,Muni,Muni,361,muni,RD-001404,Muné,Muné,mune,Vt,Sembrar frijol,SRC-02,1,0.75,probable_graphic_correspondence,machine_candidate,156921f4edfe27d784edc1e6444867eaa368f2e5,false,not_assessed
RHD-PCORR-000110,RHD-S1809-02043,Múra,Múra,361,mura,RD-001268,Mará,Mará,mara,S,Hija (habla del padre),SRC-02,1,0.75,probable_graphic_correspondence,machine_candidate,156921f4edfe27d784edc1e6444867eaa368f2e5,false,not_assessed
RHD-PCORR-000111,RHD-S1809-02043,Múra,Múra,361,mura,RD-001298,Mera,Mera,mera,Vt,Corretear los animales,SRC-02,1,0.75,probable_graphic_correspondence,machine_candidate,156921f4edfe27d784edc1e6444867eaa368f2e5,false,not_assessed
RHD-PCORR-000112,RHD-S1809-02043,Múra,Múra,361,mura,RD-001403,Muná,Muná,muna,Vi,Subir (de tierra baja),SRC-02,1,0.75,probable_graphic_correspondence,machine_candidate,156921f4edfe27d784edc1e6444867eaa368f2e5,false,not_assessed
RHD-PCORR-000113,RHD-S1809-02044,Múla,Múla,361,mula,RD-001403,Muná,Muná,muna,Vi,Subir (de tierra baja),SRC-02,1,0.75,probable_graphic_correspondence,machine_candidate,156921f4edfe27d784edc1e6444867eaa368f2e5,false,not_assessed
RHD-PCORR-000114,RHD-S1809-02044,Múla,Múla,361,mula,RD-001408,Murá,Murá,mura,S,Espiga,SRC-02,1,0.75,probable_graphic_correspondence,machine_candidate,156921f4edfe27d784edc1e6444867eaa368f2e5,false,not_assessed
RHD-PCORR-000115,RHD-S1809-02044,Múla,Múla,361,mula,RD-001427,Muyá,Muyá,muya,Vi,"Pudrirse (maíz, trapo mojado, cosa enterrada, madera)",SRC-02,1,0.75,probable_graphic_correspondence,machine_candidate,156921f4edfe27d784edc1e6444867eaa368f2e5,false,not_assessed
RHD-PCORR-000116,RHD-S1809-02045,Musí,Musí,361,musi,RD-001281,‘Masi,‘Masi,masi,Vi,Huir,SRC-02,1,0.75,probable_graphic_correspondence,machine_candidate,156921f4edfe27d784edc1e6444867eaa368f2e5,false,not_assessed
RHD-PCORR-000117,RHD-S1809-02045,Musí,Musí,361,musi,RD-001320,"Míisi, misi",misi,misi,S esp,Gato,SRC-02,1,0.75,probable_graphic_correspondence,machine_candidate,156921f4edfe27d784edc1e6444867eaa368f2e5,false,not_assessed
RHD-PCORR-000118,RHD-S1809-02045,Musí,Musí,361,musi,RD-001373,Mosí,Mosí,mosi,Vt,Desmenuzar (entre las manos),SRC-02,1,0.75,probable_graphic_correspondence,machine_candidate,156921f4edfe27d784edc1e6444867eaa368f2e5,false,not_assessed
RHD-PCORR-000119,RHD-S1809-02061,Naguá,Naguá,362,nagua,RD-001461,‘Nagá,‘Nagá,naga,,Mirando,SRC-02,1,0.8,probable_graphic_correspondence,machine_candidate,156921f4edfe27d784edc1e6444867eaa368f2e5,false,not_assessed
RHD-PCORR-000120,RHD-S1809-02061,Naguá,Naguá,362,nagua,RD-001462,Nahuá,Nahuá,nahua,Vi sing,Llegar,SRC-02,1,0.8,probable_graphic_correspondence,machine_candidate,156921f4edfe27d784edc1e6444867eaa368f2e5,false,not_assessed
RHD-PCORR-000121,RHD-S1809-02061,Naguá,Naguá,362,nagua,RD-001463,Nahuá,Nahuá,nahua,S,Raíz,SRC-02,1,0.8,probable_graphic_correspondence,machine_candidate,156921f4edfe27d784edc1e6444867eaa368f2e5,false,not_assessed
RHD-PCORR-000122,RHD-S1809-02066,Najási,Najási,362,najasi,RD-001529,Narasi,Narasi,narasi,S,Naranja,SRC-02,1,0.8333,probable_graphic_correspondence,machine_candidate,156921f4edfe27d784edc1e6444867eaa368f2e5,false,not_assessed
RHD-PCORR-000123,RHD-S1809-02079,Napá,Napá,362,napa,RD-001432,Náapa,Náapa,naapa,Vt,Alcanzar,SRC-02,1,0.8,probable_graphic_correspondence,machine_candidate,156921f4edfe27d784edc1e6444867eaa368f2e5,false,not_assessed
RHD-PCORR-000124,RHD-S1809-02079,Napá,Napá,362,napa,RD-001506,Napéa,Napéa,napea,Adv,"También, con, juntos",SRC-02,1,0.8,probable_graphic_correspondence,machine_candidate,156921f4edfe27d784edc1e6444867eaa368f2e5,false,not_assessed
RHD-PCORR-000125,RHD-S1809-02079,Napá,Napá,362,napa,RD-001437,‘Naca,‘Naca,naca,Adv,"De lejos, de un lado",SRC-02,1,0.75,probable_graphic_correspondence,machine_candidate,156921f4edfe27d784edc1e6444867eaa368f2e5,false,not_assessed
RHD-PCORR-000126,RHD-S1809-02082,Napé,Napé,362,nape,RD-001506,Napéa,Napéa,napea,Adv,"También, con, juntos",SRC-02,1,0.8,probable_graphic_correspondence,machine_candidate,156921f4edfe27d784edc1e6444867eaa368f2e5,false,not_assessed
RHD-PCORR-000127,RHD-S1809-02082,Napé,Napé,362,nape,RD-001436,‘Nabé,‘Nabé,nabe,Adv,Poco más allá,SRC-02,1,0.75,probable_graphic_correspondence,machine_candidate,156921f4edfe27d784edc1e6444867eaa368f2e5,false,not_assessed
RHD-PCORR-000128,RHD-S1809-02082,Napé,Napé,362,nape,RD-001489,Nané,Nané,nane,Vi,Sonar mucho,SRC-02,1,0.75,probable_graphic_correspondence,machine_candidate,156921f4edfe27d784edc1e6444867eaa368f2e5,false,not_assessed
RHD-PCORR-000129,RHD-S1809-02091,Nassípasic,Nassípasic,362,nassipasic,RD-001544,Nasipasí,Nasipasí,nasipasi,S,Miércoles,SRC-02,2,0.8,probable_graphic_correspondence,machine_candidate,156921f4edfe27d784edc1e6444867eaa368f2e5,false,not_assessed
RHD-PCORR-000130,RHD-S1809-02092,Nateguí,Nateguí,362,nategui,RD-001563,"Natiguí, nateguí",Natiguí,natigui,Vi,"Valer, costar",SRC-02,1,0.8571,probable_graphic_correspondence,machine_candidate,156921f4edfe27d784edc1e6444867eaa368f2e5,false,not_assessed
RHD-PCORR-000131,RHD-S1809-02093,Natépa,Natépa,362,natepa,RD-001531,Narepa,Narepa,narepa,Vt,"Saludar (con la mano, tocando el hombro)",SRC-02,1,0.8333,probable_graphic_correspondence,machine_candidate,156921f4edfe27d784edc1e6444867eaa368f2e5,false,not_assessed
RHD-PCORR-000132,RHD-S1809-02093,Natépa,Natépa,362,natepa,RD-001559,Nateta,Nateta,nateta,Vt,Pagar,SRC-02,1,0.8333,probable_graphic_correspondence,machine_candidate,156921f4edfe27d784edc1e6444867eaa368f2e5,false,not_assessed
RHD-PCORR-000133,RHD-S1809-02107,Nené,Nené,362,nene,RD-001489,Nané,Nané,nane,Vi,Sonar mucho,SRC-02,1,0.75,probable_graphic_correspondence,machine_candidate,156921f4edfe27d784edc1e6444867eaa368f2e5,false,not_assessed
RHD-PCORR-000134,RHD-S1809-02107,Nené,Nené,362,nene,RD-001583,‘Nena,‘Nena,nena,Vi,Estar mirando,SRC-02,1,0.75,probable_graphic_correspondence,machine_candidate,156921f4edfe27d784edc1e6444867eaa368f2e5,false,not_assessed
RHD-PCORR-000135,RHD-S1809-02107,Nené,Nené,362,nene,RD-001584,‘Neni,‘Neni,neni,Vi,Mirar,SRC-02,1,0.75,probable_graphic_correspondence,machine_candidate,156921f4edfe27d784edc1e6444867eaa368f2e5,false,not_assessed
RHD-PCORR-000136,RHD-S1809-02108,Néóca,Néóca,362,neoca,RD-001647,Nocá,Nocá,noca,Vi,Moverse,SRC-02,1,0.8,probable_graphic_correspondence,machine_candidate,156921f4edfe27d784edc1e6444867eaa368f2e5,false,not_assessed
RHD-PCORR-000137,RHD-S1809-02115,Nipí,Nipí,362,nipi,RD-001587,Nepi,Nepi,nepi,Adv,Muchísimo,SRC-02,1,0.75,probable_graphic_correspondence,machine_candidate,156921f4edfe27d784edc1e6444867eaa368f2e5,false,not_assessed
RHD-PCORR-000138,RHD-S1809-02115,Nipí,Nipí,362,nipi,RD-001611,Nijí,Nijí,niji,Vt,"Dar, entregar, obsequiar",SRC-02,1,0.75,probable_graphic_correspondence,machine_candidate,156921f4edfe27d784edc1e6444867eaa368f2e5,false,not_assessed
RHD-PCORR-000139,RHD-S1809-02115,Nipí,Nipí,362,nipi,RD-001620,Nimí,Nimí,nimi,Pron,Yo a ti,SRC-02,1,0.75,probable_graphic_correspondence,machine_candidate,156921f4edfe27d784edc1e6444867eaa368f2e5,false,not_assessed
RHD-PCORR-000140,RHD-S1809-02120,Nokí,Nokí,362,noki,RD-001677,Norí,Norí,nori,S,Nube,SRC-02,1,0.75,probable_graphic_correspondence,machine_candidate,156921f4edfe27d784edc1e6444867eaa368f2e5,false,not_assessed
RHD-PCORR-000141,RHD-S1809-02120,Nokí,Nokí,362,noki,RD-001678,Norí,Norí,nori,S,Vuelta,SRC-02,1,0.75,probable_graphic_correspondence,machine_candidate,156921f4edfe27d784edc1e6444867eaa368f2e5,false,not_assessed
RHD-PCORR-000142,RHD-S1809-02121,Nolá,Nolá,362,nola,RD-001647,Nocá,Nocá,noca,Vi,Moverse,SRC-02,1,0.75,probable_graphic_correspondence,machine_candidate,156921f4edfe27d784edc1e6444867eaa368f2e5,false,not_assessed
RHD-PCORR-000143,RHD-S1809-02121,Nolá,Nolá,362,nola,RD-001670,‘Nora,‘Nora,nora,Vt,Traer,SRC-02,1,0.75,probable_graphic_correspondence,machine_candidate,156921f4edfe27d784edc1e6444867eaa368f2e5,false,not_assessed
RHD-PCORR-000144,RHD-S1809-02122,Nolé,Nolé,362,nole,RD-001672,Noré,Noré,nore,Vt,Rodear,SRC-02,1,0.75,probable_graphic_correspondence,machine_candidate,156921f4edfe27d784edc1e6444867eaa368f2e5,false,not_assessed
RHD-PCORR-000145,RHD-S1809-02122,Nolé,Nolé,362,nole,RD-001673,Noré,Noré,nore,Vi,Estar nublado,SRC-02,1,0.75,probable_graphic_correspondence,machine_candidate,156921f4edfe27d784edc1e6444867eaa368f2e5,false,not_assessed
RHD-PCORR-000146,RHD-S1809-02129,Nulá,Nulá,363,nula,RD-001688,Nurá,Nurá,nura,Vi,"Mandar, ordenar",SRC-02,1,0.75,probable_graphic_correspondence,machine_candidate,156921f4edfe27d784edc1e6444867eaa368f2e5,false,not_assessed
RHD-PCORR-000147,RHD-S1809-02151,Báca,Báca,363,baca,RD-000137,Bacha,Bacha,bacha,Adv,"Primeramente, adelante, enfrente",SRC-02,1,0.8,probable_graphic_correspondence,machine_candidate,156921f4edfe27d784edc1e6444867eaa368f2e5,false,not_assessed
RHD-PCORR-000148,RHD-S1809-02151,Báca,Báca,363,baca,RD-000138,Bachá,Bachá,bacha,Vipl,"Meter (a la cárcel), poner (adentro)",SRC-02,1,0.8,probable_graphic_correspondence,machine_candidate,156921f4edfe27d784edc1e6444867eaa368f2e5,false,not_assessed
RHD-PCORR-000149,RHD-S1809-02151,Báca,Báca,363,baca,RD-000133,Bacó,Bacó,baco,Vi,Ponerse amarillo (las matas de maíz por haber llovido),SRC-02,1,0.75,probable_graphic_correspondence,machine_candidate,156921f4edfe27d784edc1e6444867eaa368f2e5,false,not_assessed
RHD-PCORR-000150,RHD-S1809-02165,Peré,Peré,363,pere,RD-001830,Pera,Pera,pera,,1. vt Poner (carona a la bestia) 2. s Carona,SRC-02,1,0.75,probable_graphic_correspondence,machine_candidate,156921f4edfe27d784edc1e6444867eaa368f2e5,false,not_assessed
RHD-PCORR-000151,RHD-S1809-02165,Peré,Peré,363,pere,RD-001831,Perí,Perí,peri,S,Petate,SRC-02,1,0.75,probable_graphic_correspondence,machine_candidate,156921f4edfe27d784edc1e6444867eaa368f2e5,false,not_assessed
RHD-PCORR-000152,RHD-S1809-02165,Peré,Peré,363,pere,RD-001844,Piré,Piré,pire,Vi pl,"Vivir, morar, habitar",SRC-02,1,0.75,probable_graphic_correspondence,machine_candidate,156921f4edfe27d784edc1e6444867eaa368f2e5,false,not_assessed
RHD-PCORR-000153,RHD-S1809-02179,Piri?,Piri,364,piri,RD-001831,Perí,Perí,peri,S,Petate,SRC-02,1,0.75,probable_graphic_correspondence,machine_candidate,156921f4edfe27d784edc1e6444867eaa368f2e5,false,not_assessed
RHD-PCORR-000154,RHD-S1809-02179,Piri?,Piri,364,piri,RD-001844,Piré,Piré,pire,Vi pl,"Vivir, morar, habitar",SRC-02,1,0.75,probable_graphic_correspondence,machine_candidate,156921f4edfe27d784edc1e6444867eaa368f2e5,false,not_assessed
RHD-PCORR-000155,RHD-S1809-02203,Pugué,Pugué,364,pugue,RD-001806,Pagué,Pagué,pague,Vt,Remojar,SRC-02,1,0.8,probable_graphic_correspondence,machine_candidate,156921f4edfe27d784edc1e6444867eaa368f2e5,false,not_assessed
RHD-PCORR-000156,RHD-S1809-02217,Rachá,Rachá,364,racha,RD-001899,Racá,Racá,raca,S,Semilla,SRC-02,1,0.8,probable_graphic_correspondence,machine_candidate,156921f4edfe27d784edc1e6444867eaa368f2e5,false,not_assessed
RHD-PCORR-000157,RHD-S1809-02217,Rachá,Rachá,364,racha,RD-001904,Rachí,Rachí,rachi,Vi,Aplastarse,SRC-02,1,0.8,probable_graphic_correspondence,machine_candidate,156921f4edfe27d784edc1e6444867eaa368f2e5,false,not_assessed
RHD-PCORR-000158,RHD-S1809-02217,Rachá,Rachá,364,racha,RD-002120,Rochá,Rochá,rocha,S,Lagartija negra,SRC-02,1,0.8,probable_graphic_correspondence,machine_candidate,156921f4edfe27d784edc1e6444867eaa368f2e5,false,not_assessed
RHD-PCORR-000159,RHD-S1809-02219,Raché,Raché,364,rache,RD-001904,Rachí,Rachí,rachi,Vi,Aplastarse,SRC-02,1,0.8,probable_graphic_correspondence,machine_candidate,156921f4edfe27d784edc1e6444867eaa368f2e5,false,not_assessed
RHD-PCORR-000160,RHD-S1809-02222,Rachó,Rachó,364,racho,RD-001901,Racó,Racó,raco,S,Lirio colorado,SRC-02,1,0.8,probable_graphic_correspondence,machine_candidate,156921f4edfe27d784edc1e6444867eaa368f2e5,false,not_assessed
RHD-PCORR-000161,RHD-S1809-02222,Rachó,Rachó,364,racho,RD-001902,Racó,Racó,raco,Vt,"Llevar (en un trapo), envolver",SRC-02,1,0.8,probable_graphic_correspondence,machine_candidate,156921f4edfe27d784edc1e6444867eaa368f2e5,false,not_assessed
RHD-PCORR-000162,RHD-S1809-02222,Rachó,Rachó,364,racho,RD-001904,Rachí,Rachí,rachi,Vi,Aplastarse,SRC-02,1,0.8,probable_graphic_correspondence,machine_candidate,156921f4edfe27d784edc1e6444867eaa368f2e5,false,not_assessed
RHD-PCORR-000163,RHD-S1809-02228,Raná,Raná,364,rana,RD-001899,Racá,Racá,raca,S,Semilla,SRC-02,1,0.75,probable_graphic_correspondence,machine_candidate,156921f4edfe27d784edc1e6444867eaa368f2e5,false,not_assessed
RHD-PCORR-000164,RHD-S1809-02228,Raná,Raná,364,rana,RD-001920,Rajá,Rajá,raja,Vi,"Alumbrar, arder, quemar",SRC-02,1,0.75,probable_graphic_correspondence,machine_candidate,156921f4edfe27d784edc1e6444867eaa368f2e5,false,not_assessed
RHD-PCORR-000165,RHD-S1809-02228,Raná,Raná,364,rana,RD-001935,Rané,Rané,rane,vi,Tener hijo,SRC-02,1,0.75,probable_graphic_correspondence,machine_candidate,156921f4edfe27d784edc1e6444867eaa368f2e5,false,not_assessed
RHD-PCORR-000166,RHD-S1809-02229,"Ráje, oder táje",Ráje,364,raje,RD-001920,Rajá,Rajá,raja,Vi,"Alumbrar, arder, quemar",SRC-02,1,0.75,probable_graphic_correspondence,machine_candidate,156921f4edfe27d784edc1e6444867eaa368f2e5,false,not_assessed
RHD-PCORR-000167,RHD-S1809-02229,"Ráje, oder táje",Ráje,364,raje,RD-001929,Ramé,Ramé,rame,S,Diente,SRC-02,1,0.75,probable_graphic_correspondence,machine_candidate,156921f4edfe27d784edc1e6444867eaa368f2e5,false,not_assessed
RHD-PCORR-000168,RHD-S1809-02229,"Ráje, oder táje",Ráje,364,raje,RD-001935,Rané,Rané,rane,vi,Tener hijo,SRC-02,1,0.75,probable_graphic_correspondence,machine_candidate,156921f4edfe27d784edc1e6444867eaa368f2e5,false,not_assessed
RHD-PCORR-000169,RHD-S1809-02229,"Ráje, oder táje",táje,364,taje,RD-002441,Tabé,Tabé,tabe,Adj,Más chiquito,SRC-02,1,0.75,probable_graphic_correspondence,machine_candidate,156921f4edfe27d784edc1e6444867eaa368f2e5,false,not_assessed
RHD-PCORR-000170,RHD-S1809-02232,Rauguí,Rauguí,364,raugui,RD-001968,Rasuguí,Rasuguí,rasugui,S,Fibra de maguey,SRC-02,1,0.8571,probable_graphic_correspondence,machine_candidate,156921f4edfe27d784edc1e6444867eaa368f2e5,false,not_assessed
RHD-PCORR-000171,RHD-S1809-02233,Rhaná,Rhaná,364,rhana,RD-001932,Raná,Raná,rana,,1. vt Parir 2. s Hijo,SRC-02,1,0.8,probable_graphic_correspondence,machine_candidate,156921f4edfe27d784edc1e6444867eaa368f2e5,false,not_assessed
RHD-PCORR-000172,RHD-S1809-02248,Róco,Róco,365,roco,RD-001901,Racó,Racó,raco,S,Lirio colorado,SRC-02,1,0.75,probable_graphic_correspondence,machine_candidate,156921f4edfe27d784edc1e6444867eaa368f2e5,false,not_assessed
RHD-PCORR-000173,RHD-S1809-02248,Róco,Róco,365,roco,RD-001902,Racó,Racó,raco,Vt,"Llevar (en un trapo), envolver",SRC-02,1,0.75,probable_graphic_correspondence,machine_candidate,156921f4edfe27d784edc1e6444867eaa368f2e5,false,not_assessed
RHD-PCORR-000174,RHD-S1809-02248,Róco,Róco,365,roco,RD-002152,Romó,Romó,romo,S,Invierno,SRC-02,1,0.75,probable_graphic_correspondence,machine_candidate,156921f4edfe27d784edc1e6444867eaa368f2e5,false,not_assessed
RHD-PCORR-000175,RHD-S1809-02249,Roguí,Roguí,365,rogui,RD-002133,Rohuí,Rohuí,rohui,S,Conejo,SRC-02,1,0.8,probable_graphic_correspondence,machine_candidate,156921f4edfe27d784edc1e6444867eaa368f2e5,false,not_assessed
RHD-PCORR-000176,RHD-S1809-02249,Roguí,Roguí,365,rogui,RD-002146,Rojuí,Rojuí,rojui,S,Bellota,SRC-02,1,0.8,probable_graphic_correspondence,machine_candidate,156921f4edfe27d784edc1e6444867eaa368f2e5,false,not_assessed
RHD-PCORR-000177,RHD-S1809-02250,Ropá,Ropá,365,ropa,RD-001939,Rapá,Rapá,rapa,Vi,"Rajarse, partirse",SRC-02,1,0.75,probable_graphic_correspondence,machine_candidate,156921f4edfe27d784edc1e6444867eaa368f2e5,false,not_assessed
RHD-PCORR-000178,RHD-S1809-02250,Ropá,Ropá,365,ropa,RD-002057,Ripá,Ripá,ripa,Adv,Arriba,SRC-02,1,0.75,probable_graphic_correspondence,machine_candidate,156921f4edfe27d784edc1e6444867eaa368f2e5,false,not_assessed
RHD-PCORR-000179,RHD-S1809-02250,Ropá,Ropá,365,ropa,RD-002058,Ripá,Ripá,ripa,Vt,Rascar,SRC-02,1,0.75,probable_graphic_correspondence,machine_candidate,156921f4edfe27d784edc1e6444867eaa368f2e5,false,not_assessed
RHD-PCORR-000180,RHD-S1809-02253,Rúje,Rúje,365,ruje,RD-001923,Rajé,Rajé,raje,Vt,Encender ocote (para alumbrar),SRC-02,1,0.75,probable_graphic_correspondence,machine_candidate,156921f4edfe27d784edc1e6444867eaa368f2e5,false,not_assessed
RHD-PCORR-000181,RHD-S1809-02253,Rúje,Rúje,365,ruje,RD-002022,Rijé,Rijé,rije,S,Granizo,SRC-02,1,0.75,probable_graphic_correspondence,machine_candidate,156921f4edfe27d784edc1e6444867eaa368f2e5,false,not_assessed
RHD-PCORR-000182,RHD-S1809-02253,Rúje,Rúje,365,ruje,RD-002211,Ruyé,Ruyé,ruye,Vt,"Avisar, aconsejar, informar",SRC-02,1,0.75,probable_graphic_correspondence,machine_candidate,156921f4edfe27d784edc1e6444867eaa368f2e5,false,not_assessed
RHD-PCORR-000183,RHD-S1809-02254,Saaté,Saaté,365,saate,RD-002213,Sáata,Sáata,saata,Vi,Seguir olfateando,SRC-02,1,0.8,probable_graphic_correspondence,machine_candidate,156921f4edfe27d784edc1e6444867eaa368f2e5,false,not_assessed
RHD-PCORR-000184,RHD-S1809-02254,Saaté,Saaté,365,saate,RD-002214,Sáata,Sáata,saata,Vi,Hacer brasas,SRC-02,1,0.8,probable_graphic_correspondence,machine_candidate,156921f4edfe27d784edc1e6444867eaa368f2e5,false,not_assessed
RHD-PCORR-000185,RHD-S1809-02254,Saaté,Saaté,365,saate,RD-002253,Saté,Saté,sate,S,Arena,SRC-02,1,0.8,probable_graphic_correspondence,machine_candidate,156921f4edfe27d784edc1e6444867eaa368f2e5,false,not_assessed
RHD-PCORR-000186,RHD-S1809-02259,Sapáca,Sapáca,365,sapaca,RD-002240,Sapará,Sapará,sapara,Vi,Engordarse,SRC-02,1,0.8333,probable_graphic_correspondence,machine_candidate,156921f4edfe27d784edc1e6444867eaa368f2e5,false,not_assessed
RHD-PCORR-000187,RHD-S1809-02260,Sapála,Sapála,365,sapala,RD-002240,Sapará,Sapará,sapara,Vi,Engordarse,SRC-02,1,0.8333,probable_graphic_correspondence,machine_candidate,156921f4edfe27d784edc1e6444867eaa368f2e5,false,not_assessed
RHD-PCORR-000188,RHD-S1809-02273,Seguí,Seguí,365,segui,RD-002372,Soguí,Soguí,sogui,Adv,Casi,SRC-02,1,0.8,probable_graphic_correspondence,machine_candidate,156921f4edfe27d784edc1e6444867eaa368f2e5,false,not_assessed
RHD-PCORR-000189,RHD-S1809-02273,Seguí,Seguí,365,segui,RD-002403,Suguí,Suguí,sugui,S,Tesgüino,SRC-02,1,0.8,probable_graphic_correspondence,machine_candidate,156921f4edfe27d784edc1e6444867eaa368f2e5,false,not_assessed
RHD-PCORR-000190,RHD-S1809-02276,Senú,Senú,365,senu,RD-002418,Sunú,Sunú,sunu,S,Maíz,SRC-02,1,0.75,probable_graphic_correspondence,machine_candidate,156921f4edfe27d784edc1e6444867eaa368f2e5,false,not_assessed
RHD-PCORR-000191,RHD-S1809-02278,Sevá,Sevá,365,seva,RD-002263,Seba,Seba,seba,Vt,"1. Alcanzar, llegar 2. Lograr 3. Llegar a ser",SRC-02,1,0.75,probable_graphic_correspondence,machine_candidate,156921f4edfe27d784edc1e6444867eaa368f2e5,false,not_assessed
RHD-PCORR-000192,RHD-S1809-02282,Siká,Siká,365,sika,RD-002274,Sicá,Sicá,sica,Vt,Trasquilar,SRC-02,1,0.75,probable_graphic_correspondence,machine_candidate,156921f4edfe27d784edc1e6444867eaa368f2e5,false,not_assessed
RHD-PCORR-000193,RHD-S1809-02282,Siká,Siká,365,sika,RD-002275,Sicá,Sicá,sica,Vt,Brazo,SRC-02,1,0.75,probable_graphic_correspondence,machine_candidate,156921f4edfe27d784edc1e6444867eaa368f2e5,false,not_assessed
RHD-PCORR-000194,RHD-S1809-02282,Siká,Siká,365,sika,RD-002296,Simá,Simá,sima,Vi pl,Irse,SRC-02,1,0.75,probable_graphic_correspondence,machine_candidate,156921f4edfe27d784edc1e6444867eaa368f2e5,false,not_assessed
RHD-PCORR-000195,RHD-S1809-02284,Simi,Simi,365,simi,RD-002296,Simá,Simá,sima,Vi pl,Irse,SRC-02,1,0.75,probable_graphic_correspondence,machine_candidate,156921f4edfe27d784edc1e6444867eaa368f2e5,false,not_assessed
RHD-PCORR-000196,RHD-S1809-02284,Simi,Simi,365,simi,RD-002299,Simé,Simé,sime,Vt,Tocar (instrumento musical),SRC-02,1,0.75,probable_graphic_correspondence,machine_candidate,156921f4edfe27d784edc1e6444867eaa368f2e5,false,not_assessed
RHD-PCORR-000197,RHD-S1809-02284,Simi,Simi,365,simi,RD-002323,Sipí,Sipí,sipi,Vi,"Enfriarse (p. ej.: comida, agua)",SRC-02,1,0.75,probable_graphic_correspondence,machine_candidate,156921f4edfe27d784edc1e6444867eaa368f2e5,false,not_assessed
RHD-PCORR-000198,RHD-S1809-02286,Simigó,Simigó,365,simigo,RD-002303,Simigá,Simigá,simiga,,¡Vaya!,SRC-02,1,0.8333,probable_graphic_correspondence,machine_candidate,156921f4edfe27d784edc1e6444867eaa368f2e5,false,not_assessed
RHD-PCORR-000199,RHD-S1809-02287,"Sini, oder Schine",Sini,365,sini,RD-002301,Simí,Simí,simi,Vi sg,Irse,SRC-02,1,0.75,probable_graphic_correspondence,machine_candidate,156921f4edfe27d784edc1e6444867eaa368f2e5,false,not_assessed
RHD-PCORR-000200,RHD-S1809-02287,"Sini, oder Schine",Sini,365,sini,RD-002302,Simí,Simí,simi,Vi sg,Caminar,SRC-02,1,0.75,probable_graphic_correspondence,machine_candidate,156921f4edfe27d784edc1e6444867eaa368f2e5,false,not_assessed
RHD-PCORR-000201,RHD-S1809-02287,"Sini, oder Schine",Sini,365,sini,RD-002308,Siná,Siná,sina,Vi sg,Gritar,SRC-02,1,0.75,probable_graphic_correspondence,machine_candidate,156921f4edfe27d784edc1e6444867eaa368f2e5,false,not_assessed
RHD-PCORR-000202,RHD-S1809-02290,Sisí,Sisí,365,sisi,RD-002301,Simí,Simí,simi,Vi sg,Irse,SRC-02,1,0.75,probable_graphic_correspondence,machine_candidate,156921f4edfe27d784edc1e6444867eaa368f2e5,false,not_assessed
RHD-PCORR-000203,RHD-S1809-02290,Sisí,Sisí,365,sisi,RD-002302,Simí,Simí,simi,Vi sg,Caminar,SRC-02,1,0.75,probable_graphic_correspondence,machine_candidate,156921f4edfe27d784edc1e6444867eaa368f2e5,false,not_assessed
RHD-PCORR-000204,RHD-S1809-02290,Sisí,Sisí,365,sisi,RD-002323,Sipí,Sipí,sipi,Vi,"Enfriarse (p. ej.: comida, agua)",SRC-02,1,0.75,probable_graphic_correspondence,machine_candidate,156921f4edfe27d784edc1e6444867eaa368f2e5,false,not_assessed
RHD-PCORR-000205,RHD-S1809-02291,Sóco,Sóco,365,soco,RD-002381,Sonó,Sonó,sono,S,Rastrojo,SRC-02,1,0.75,probable_graphic_correspondence,machine_candidate,156921f4edfe27d784edc1e6444867eaa368f2e5,false,not_assessed
RHD-PCORR-000206,RHD-S1809-02291,Sóco,Sóco,365,soco,RD-002390,Soró,Soró,soro,S,Tía (hermana mayor del padre),SRC-02,1,0.75,probable_graphic_correspondence,machine_candidate,156921f4edfe27d784edc1e6444867eaa368f2e5,false,not_assessed
RHD-PCORR-000207,RHD-S1809-02295,Sopeichi,Sopeichi,365,sopeichi,RD-002386,"Sopichí, supuchí",Sopichí,sopichi,S,Murciélago,SRC-02,1,0.875,probable_graphic_correspondence,machine_candidate,156921f4edfe27d784edc1e6444867eaa368f2e5,false,not_assessed
RHD-PCORR-000208,RHD-S1809-02306,Sulí,Sulí,366,suli,RD-002416,Suní,Suní,suni,Vt,"Terminar, acabar, cumplir",SRC-02,1,0.75,probable_graphic_correspondence,machine_candidate,156921f4edfe27d784edc1e6444867eaa368f2e5,false,not_assessed
RHD-PCORR-000209,RHD-S1809-02306,Sulí,Sulí,366,suli,RD-002425,Surí,Surí,suri,Vi,1. No querer convidar 2. No querer dejarle ir,SRC-02,1,0.75,probable_graphic_correspondence,machine_candidate,156921f4edfe27d784edc1e6444867eaa368f2e5,false,not_assessed
RHD-PCORR-000210,RHD-S1809-02309,Tápoa,Tápoa,366,tapoa,RD-002452,Tapa,Tapa,tapa,Vt pl,"Acarrear, traer (en las manos)",SRC-02,1,0.8,probable_graphic_correspondence,machine_candidate,156921f4edfe27d784edc1e6444867eaa368f2e5,false,not_assessed
RHD-PCORR-000211,RHD-S1809-02315,Taicá,Taicá,366,taica,RD-002443,Taca,Taca,taca,Vt,Tocar (instrumento musical),SRC-02,1,0.8,probable_graphic_correspondence,machine_candidate,156921f4edfe27d784edc1e6444867eaa368f2e5,false,not_assessed
RHD-PCORR-000212,RHD-S1809-02316,Táje,Táje,366,taje,RD-002441,Tabé,Tabé,tabe,Adj,Más chiquito,SRC-02,1,0.75,probable_graphic_correspondence,machine_candidate,156921f4edfe27d784edc1e6444867eaa368f2e5,false,not_assessed
RHD-PCORR-000213,RHD-S1809-02321,Talá,Talá,366,tala,RD-002435,Tabá,Tabá,taba,Vi,Ponerse la zapeta (taparrabo que se lleva en lugar de pantalón),SRC-02,1,0.75,probable_graphic_correspondence,machine_candidate,156921f4edfe27d784edc1e6444867eaa368f2e5,false,not_assessed
RHD-PCORR-000214,RHD-S1809-02321,Talá,Talá,366,tala,RD-002436,Taba,Taba,taba,Vi,Luchar,SRC-02,1,0.75,probable_graphic_correspondence,machine_candidate,156921f4edfe27d784edc1e6444867eaa368f2e5,false,not_assessed
RHD-PCORR-000215,RHD-S1809-02321,Talá,Talá,366,tala,RD-002443,Taca,Taca,taca,Vt,Tocar (instrumento musical),SRC-02,1,0.75,probable_graphic_correspondence,machine_candidate,156921f4edfe27d784edc1e6444867eaa368f2e5,false,not_assessed
RHD-PCORR-000216,RHD-S1809-02324,Talí,Talí,366,tali,RD-002444,Tamí,Tamí,tami,Pron,"Me, a mi",SRC-02,1,0.75,probable_graphic_correspondence,machine_candidate,156921f4edfe27d784edc1e6444867eaa368f2e5,false,not_assessed
RHD-PCORR-000217,RHD-S1809-02324,Talí,Talí,366,tali,RD-002451,Tani,Tani,tani,Vt,Rogar,SRC-02,1,0.75,probable_graphic_correspondence,machine_candidate,156921f4edfe27d784edc1e6444867eaa368f2e5,false,not_assessed
RHD-PCORR-000218,RHD-S1809-02324,Talí,Talí,366,tali,RD-002456,Tarí,Tarí,tari,S,Semilla (para sembrar),SRC-02,1,0.75,probable_graphic_correspondence,machine_candidate,156921f4edfe27d784edc1e6444867eaa368f2e5,false,not_assessed
RHD-PCORR-000219,RHD-S1809-02327,Tamé,Tamé,366,tame,RD-002441,Tabé,Tabé,tabe,Adj,Más chiquito,SRC-02,1,0.75,probable_graphic_correspondence,machine_candidate,156921f4edfe27d784edc1e6444867eaa368f2e5,false,not_assessed
RHD-PCORR-000220,RHD-S1809-02327,Tamé,Tamé,366,tame,RD-002444,Tamí,Tamí,tami,Pron,"Me, a mi",SRC-02,1,0.75,probable_graphic_correspondence,machine_candidate,156921f4edfe27d784edc1e6444867eaa368f2e5,false,not_assessed
RHD-PCORR-000221,RHD-S1809-02330,Tamulé,Tamulé,366,tamule,RD-002445,Tamujé,Tamujé,tamuje,Pron,Nosotros,SRC-02,1,0.8333,probable_graphic_correspondence,machine_candidate,156921f4edfe27d784edc1e6444867eaa368f2e5,false,not_assessed
RHD-PCORR-000222,RHD-S1809-02331,"Taná, oder raná",Taná,366,tana,RD-002435,Tabá,Tabá,taba,Vi,Ponerse la zapeta (taparrabo que se lleva en lugar de pantalón),SRC-02,1,0.75,probable_graphic_correspondence,machine_candidate,156921f4edfe27d784edc1e6444867eaa368f2e5,false,not_assessed
RHD-PCORR-000223,RHD-S1809-02331,"Taná, oder raná",Taná,366,tana,RD-002436,Taba,Taba,taba,Vi,Luchar,SRC-02,1,0.75,probable_graphic_correspondence,machine_candidate,156921f4edfe27d784edc1e6444867eaa368f2e5,false,not_assessed
RHD-PCORR-000224,RHD-S1809-02331,"Taná, oder raná",Taná,366,tana,RD-002443,Taca,Taca,taca,Vt,Tocar (instrumento musical),SRC-02,1,0.75,probable_graphic_correspondence,machine_candidate,156921f4edfe27d784edc1e6444867eaa368f2e5,false,not_assessed
RHD-PCORR-000225,RHD-S1809-02331,"Taná, oder raná",raná,366,rana,RD-001899,Racá,Racá,raca,S,Semilla,SRC-02,1,0.75,probable_graphic_correspondence,machine_candidate,156921f4edfe27d784edc1e6444867eaa368f2e5,false,not_assessed
RHD-PCORR-000226,RHD-S1809-02331,"Taná, oder raná",raná,366,rana,RD-001920,Rajá,Rajá,raja,Vi,"Alumbrar, arder, quemar",SRC-02,1,0.75,probable_graphic_correspondence,machine_candidate,156921f4edfe27d784edc1e6444867eaa368f2e5,false,not_assessed
RHD-PCORR-000227,RHD-S1809-02331,"Taná, oder raná",raná,366,rana,RD-001935,Rané,Rané,rane,vi,Tener hijo,SRC-02,1,0.75,probable_graphic_correspondence,machine_candidate,156921f4edfe27d784edc1e6444867eaa368f2e5,false,not_assessed
RHD-PCORR-000228,RHD-S1809-02333,Taní,Taní,366,tani,RD-002444,Tamí,Tamí,tami,Pron,"Me, a mi",SRC-02,1,0.75,probable_graphic_correspondence,machine_candidate,156921f4edfe27d784edc1e6444867eaa368f2e5,false,not_assessed
RHD-PCORR-000229,RHD-S1809-02333,Taní,Taní,366,tani,RD-002448,Tana,Tana,tana,Vt,Pedir,SRC-02,1,0.75,probable_graphic_correspondence,machine_candidate,156921f4edfe27d784edc1e6444867eaa368f2e5,false,not_assessed
RHD-PCORR-000230,RHD-S1809-02333,Taní,Taní,366,tani,RD-002456,Tarí,Tarí,tari,S,Semilla (para sembrar),SRC-02,1,0.75,probable_graphic_correspondence,machine_candidate,156921f4edfe27d784edc1e6444867eaa368f2e5,false,not_assessed
RHD-PCORR-000231,RHD-S1809-02335,Tará,Tará,366,tara,RD-002435,Tabá,Tabá,taba,Vi,Ponerse la zapeta (taparrabo que se lleva en lugar de pantalón),SRC-02,1,0.75,probable_graphic_correspondence,machine_candidate,156921f4edfe27d784edc1e6444867eaa368f2e5,false,not_assessed
RHD-PCORR-000232,RHD-S1809-02335,Tará,Tará,366,tara,RD-002436,Taba,Taba,taba,Vi,Luchar,SRC-02,1,0.75,probable_graphic_correspondence,machine_candidate,156921f4edfe27d784edc1e6444867eaa368f2e5,false,not_assessed
RHD-PCORR-000233,RHD-S1809-02335,Tará,Tará,366,tara,RD-002443,Taca,Taca,taca,Vt,Tocar (instrumento musical),SRC-02,1,0.75,probable_graphic_correspondence,machine_candidate,156921f4edfe27d784edc1e6444867eaa368f2e5,false,not_assessed
RHD-PCORR-000234,RHD-S1809-02351,Teéa,Teéa,366,teea,RD-002463,Teca,Teca,teca,Vt,Afinar el violín,SRC-02,1,0.75,probable_graphic_correspondence,machine_candidate,156921f4edfe27d784edc1e6444867eaa368f2e5,false,not_assessed
RHD-PCORR-000235,RHD-S1809-02351,Teéa,Teéa,366,teea,RD-002468,Tera,Tera,tera,S,Telar,SRC-02,1,0.75,probable_graphic_correspondence,machine_candidate,156921f4edfe27d784edc1e6444867eaa368f2e5,false,not_assessed
RHD-PCORR-000236,RHD-S1809-02351,Teéa,Teéa,366,teea,RD-002471,Teta,Teta,teta,Vt,Medir por comparación,SRC-02,1,0.75,probable_graphic_correspondence,machine_candidate,156921f4edfe27d784edc1e6444867eaa368f2e5,false,not_assessed
RHD-PCORR-000237,RHD-S1809-02366,Tocó,Tocó,367,toco,RD-002480,"Tigó, ticó",ticó,tico,Vt,"Cercar, hacer (con piedra)",SRC-02,1,0.75,probable_graphic_correspondence,machine_candidate,156921f4edfe27d784edc1e6444867eaa368f2e5,false,not_assessed
RHD-PCORR-000238,RHD-S1809-02381,Tepá,Tepá,367,tepa,RD-002452,Tapa,Tapa,tapa,Vt pl,"Acarrear, traer (en las manos)",SRC-02,1,0.75,probable_graphic_correspondence,machine_candidate,156921f4edfe27d784edc1e6444867eaa368f2e5,false,not_assessed
RHD-PCORR-000239,RHD-S1809-02381,Tepá,Tepá,367,tepa,RD-002463,Teca,Teca,teca,Vt,Afinar el violín,SRC-02,1,0.75,probable_graphic_correspondence,machine_candidate,156921f4edfe27d784edc1e6444867eaa368f2e5,false,not_assessed
RHD-PCORR-000240,RHD-S1809-02381,Tepá,Tepá,367,tepa,RD-002468,Tera,Tera,tera,S,Telar,SRC-02,1,0.75,probable_graphic_correspondence,machine_candidate,156921f4edfe27d784edc1e6444867eaa368f2e5,false,not_assessed
RHD-PCORR-000241,RHD-S1809-02393,Terü,Terü,367,teru,RD-002468,Tera,Tera,tera,S,Telar,SRC-02,1,0.75,probable_graphic_correspondence,machine_candidate,156921f4edfe27d784edc1e6444867eaa368f2e5,false,not_assessed
RHD-PCORR-000242,RHD-S1809-02393,Terü,Terü,367,teru,RD-002469,Teri,Teri,teri,Adj,Corto,SRC-02,1,0.75,probable_graphic_correspondence,machine_candidate,156921f4edfe27d784edc1e6444867eaa368f2e5,false,not_assessed
RHD-PCORR-000243,RHD-S1809-02403,Togui,Togui,367,togui,RD-002494,Tohuí,Tohuí,tohui,S sing,"Muchacho, niño",SRC-02,1,0.8,probable_graphic_correspondence,machine_candidate,156921f4edfe27d784edc1e6444867eaa368f2e5,false,not_assessed
RHD-PCORR-000244,RHD-S1809-02408,Tſani,Tſani,367,tsani,RD-002451,Tani,Tani,tani,Vt,Rogar,SRC-02,1,0.8,probable_graphic_correspondence,machine_candidate,156921f4edfe27d784edc1e6444867eaa368f2e5,false,not_assessed
RHD-PCORR-000245,RHD-S1809-02410,Tſani- oder tſainijolájameke,Tſani-,367,tsani,RD-002451,Tani,Tani,tani,Vt,Rogar,SRC-02,1,0.8,probable_graphic_correspondence,machine_candidate,156921f4edfe27d784edc1e6444867eaa368f2e5,false,not_assessed
RHD-PCORR-000246,RHD-S1809-02411,Tſani- oder tſainijoliki,Tſani-,367,tsani,RD-002451,Tani,Tani,tani,Vt,Rogar,SRC-02,1,0.8,probable_graphic_correspondence,machine_candidate,156921f4edfe27d784edc1e6444867eaa368f2e5,false,not_assessed
RHD-PCORR-000247,RHD-S1809-02416,Tschapi,Tschapi,367,tschapi,RD-002493,Tochapi,Tochapi,tochapi,S,Pajarito (con pico fino; andan en muchos juntos; vienen en el tiempo de frío),SRC-02,1,0.8571,probable_graphic_correspondence,machine_candidate,156921f4edfe27d784edc1e6444867eaa368f2e5,false,not_assessed
RHD-PCORR-000248,RHD-S1809-02475,Takiná,Takiná,368,takina,RD-002459,Tasina,Tasina,tasina,Adv,Por el arroyo abajito,SRC-02,1,0.8333,probable_graphic_correspondence,machine_candidate,156921f4edfe27d784edc1e6444867eaa368f2e5,false,not_assessed
